date,GME_comments
2020-01-01,8
2020-01-02,27
2020-01-03,5
2020-01-04,3
2020-01-05,4
2020-01-06,4
2020-01-07,1
2020-01-08,15
2020-01-09,11
2020-01-10,7
2020-01-11,1
2020-01-12,4
2020-01-13,16
2020-01-14,22
2020-01-15,16
2020-01-16,3
2020-01-17,6
2020-01-18,4
2020-01-19,4
2020-01-20,3
2020-01-21,8
2020-01-22,3
2020-01-23,7
2020-01-24,33
2020-01-25,8
2020-01-26,2
2020-01-27,6
2020-01-28,22
2020-01-29,5
2020-01-30,0
2020-01-31,8
2020-02-01,14
2020-02-02,1
2020-02-03,5
2020-02-04,4
2020-02-05,15
2020-02-06,10
2020-02-07,7
2020-02-08,2
2020-02-09,6
2020-02-10,7
2020-02-11,3
2020-02-12,7
2020-02-13,7
2020-02-14,8
2020-02-15,8
2020-02-16,1
2020-02-17,2
2020-02-18,32
2020-02-19,5
2020-02-20,16
2020-02-21,7
2020-02-22,23
2020-02-23,4
2020-02-24,9
2020-02-25,20
2020-02-26,14
2020-02-27,7
2020-02-28,10
2020-02-29,15
2020-03-01,3
2020-03-02,9
2020-03-03,6
2020-03-04,9
2020-03-05,10
2020-03-06,18
2020-03-07,9
2020-03-08,3
2020-03-09,22
2020-03-10,34
2020-03-11,50
2020-03-12,33
2020-03-13,41
2020-03-14,9
2020-03-15,12
2020-03-16,42
2020-03-17,40
2020-03-18,39
2020-03-19,62
2020-03-20,199
2020-03-21,100
2020-03-22,118
2020-03-23,126
2020-03-24,80
2020-03-25,56
2020-03-26,165
2020-03-27,142
2020-03-28,51
2020-03-29,51
2020-03-30,39
2020-03-31,30
2020-04-01,202
2020-04-02,87
2020-04-03,69
2020-04-04,15
2020-04-05,24
2020-04-06,69
2020-04-07,20
2020-04-08,30
2020-04-09,70
2020-04-10,16
2020-04-11,20
2020-04-12,15
2020-04-13,196
2020-04-14,471
2020-04-15,221
2020-04-16,89
2020-04-17,83
2020-04-18,29
2020-04-19,59
2020-04-20,154
2020-04-21,67
2020-04-22,39
2020-04-23,58
2020-04-24,15
2020-04-25,11
2020-04-26,16
2020-04-27,105
2020-04-28,81
2020-04-29,75
2020-04-30,30
2020-05-01,59
2020-05-02,6
2020-05-03,52
2020-05-04,30
2020-05-05,27
2020-05-06,16
2020-05-07,46
2020-05-08,15
2020-05-09,5
2020-05-10,6
2020-05-11,9
2020-05-12,8
2020-05-13,7
2020-05-14,11
2020-05-15,12
2020-05-16,6
2020-05-17,3
2020-05-18,14
2020-05-19,5
2020-05-20,16
2020-05-21,12
2020-05-22,21
2020-05-23,11
2020-05-24,13
2020-05-25,14
2020-05-26,19
2020-05-27,22
2020-05-28,17
2020-05-29,9
2020-05-30,11
2020-05-31,28
2020-06-01,14
2020-06-02,6
2020-06-03,10
2020-06-04,23
2020-06-05,26
2020-06-06,23
2020-06-07,24
2020-06-08,206
2020-06-09,779
2020-06-10,424
2020-06-11,75
2020-06-12,42
2020-06-13,21
2020-06-14,11
2020-06-15,27
2020-06-16,12
2020-06-17,46
2020-06-18,34
2020-06-19,40
2020-06-20,5
2020-06-21,2
2020-06-22,19
2020-06-23,17
2020-06-24,12
2020-06-25,9
2020-06-26,11
2020-06-27,7
2020-06-28,2
2020-06-29,1
2020-06-30,1
2020-07-01,7
2020-07-02,3
2020-07-03,6
2020-07-04,1
2020-07-05,1
2020-07-06,4
2020-07-07,3
2020-07-08,9
2020-07-09,6
2020-07-10,3
2020-07-11,3
2020-07-12,5
2020-07-13,3
2020-07-14,6
2020-07-15,48
2020-07-16,24
2020-07-17,10
2020-07-18,4
2020-07-19,5
2020-07-20,2
2020-07-21,8
2020-07-22,6
2020-07-23,2
2020-07-24,2
2020-07-25,5
2020-07-26,1
2020-07-27,1
2020-07-28,1
2020-07-29,1
2020-07-30,31
2020-07-31,5
2020-08-01,6
2020-08-02,3
2020-08-03,2
2020-08-04,37
2020-08-05,36
2020-08-06,8
2020-08-07,6
2020-08-08,4
2020-08-09,3
2020-08-10,7
2020-08-11,7
2020-08-12,16
2020-08-13,9
2020-08-14,10
2020-08-15,8
2020-08-16,0
2020-08-17,3
2020-08-18,11
2020-08-19,19
2020-08-20,1
2020-08-21,25
2020-08-22,2
2020-08-23,2
2020-08-24,14
2020-08-25,13
2020-08-26,7
2020-08-27,13
2020-08-28,14
2020-08-29,6
2020-08-30,13
2020-08-31,176
2020-09-01,96
2020-09-02,82
2020-09-03,91
2020-09-04,28
2020-09-05,36
2020-09-06,44
2020-09-07,5
2020-09-08,66
2020-09-09,183
2020-09-10,81
2020-09-11,21
2020-09-12,6
2020-09-13,13
2020-09-14,59
2020-09-15,41
2020-09-16,279
2020-09-17,366
2020-09-18,249
2020-09-19,57
2020-09-20,73
2020-09-21,84
2020-09-22,387
2020-09-23,188
2020-09-24,106
2020-09-25,192
2020-09-26,126
2020-09-27,60
2020-09-28,172
2020-09-29,116
2020-09-30,84
2020-10-01,114
2020-10-02,58
2020-10-03,37
2020-10-04,30
2020-10-05,60
2020-10-06,37
2020-10-07,45
2020-10-08,1676
2020-10-09,2663
2020-10-10,453
2020-10-11,508
2020-10-12,486
2020-10-13,415
2020-10-14,417
2020-10-15,1295
2020-10-16,618
2020-10-17,249
2020-10-18,183
2020-10-19,682
2020-10-20,371
2020-10-21,274
2020-10-22,607
2020-10-23,338
2020-10-24,173
2020-10-25,199
2020-10-26,461
2020-10-27,405
2020-10-28,314
2020-10-29,242
2020-10-30,334
2020-10-31,109
2020-11-01,65
2020-11-02,91
2020-11-03,168
2020-11-04,133
2020-11-05,152
2020-11-06,149
2020-11-07,72
2020-11-08,68
2020-11-09,206
2020-11-10,205
2020-11-11,233
2020-11-12,169
2020-11-13,123
2020-11-14,63
2020-11-15,67
2020-11-16,360
2020-11-17,178
2020-11-18,135
2020-11-19,267
2020-11-20,280
2020-11-21,119
2020-11-22,84
2020-11-23,424
2020-11-24,374
2020-11-25,592
2020-11-26,411
2020-11-27,1036
2020-11-28,1177
2020-11-29,1207
2020-11-30,3849
2020-12-01,2108
2020-12-02,1320
2020-12-03,895
2020-12-04,1254
2020-12-05,442
2020-12-06,464
2020-12-07,919
2020-12-08,2827
2020-12-09,2110
2020-12-10,835
2020-12-11,453
2020-12-12,246
2020-12-13,330
2020-12-14,768
2020-12-15,878
2020-12-16,398
2020-12-17,574
2020-12-18,906
2020-12-19,225
2020-12-20,277
2020-12-21,880
2020-12-22,2870
2020-12-23,3335
2020-12-24,1398
2020-12-25,576
2020-12-26,689
2020-12-27,836
2020-12-28,1989
2020-12-29,1870
2020-12-30,1515
2020-12-31,1793
2021-01-01,601
2021-01-02,820
2021-01-03,462
2021-01-04,1248
2021-01-05,1031
2021-01-06,945
2021-01-07,802
2021-01-08,857
2021-01-09,316
2021-01-10,525
2021-01-11,2011
2021-01-12,1037
2021-01-13,9376
2021-01-14,12552
2021-01-15,12827
2021-01-16,3494
2021-01-17,2603
2021-01-18,4393
2021-01-19,8383
2021-01-20,6823
2021-01-21,8574
2021-01-22,16676
2021-01-23,9852
2021-01-24,7651
2021-01-25,27304
2021-01-26,38327
2021-01-27,87298
2021-01-28,108433
2021-01-29,73123
2021-01-30,51573
2021-01-31,47235
2021-02-01,58985
2021-02-02,54942
2021-02-03,28747
2021-02-04,32369
2021-02-05,27596
2021-02-06,10912
2021-02-07,6268
2021-02-08,9785
2021-02-09,10487
2021-02-10,12672
2021-02-11,9837
2021-02-12,6014
2021-02-13,3138
2021-02-14,2400
2021-02-15,2471
2021-02-16,3526
2021-02-17,3341
2021-02-18,6941
2021-02-19,4851
2021-02-20,3638
2021-02-21,2929
2021-02-22,5568
2021-02-23,5110
2021-02-24,14693
2021-02-25,30925
2021-02-26,19181
2021-02-27,5674
2021-02-28,4830
2021-03-01,9661
2021-03-02,16473
2021-03-03,16297
2021-03-04,9505
2021-03-05,8650
2021-03-06,3213
2021-03-07,3025
2021-03-08,10467
2021-03-09,11797
2021-03-10,17895
2021-03-11,9948
2021-03-12,8547
2021-03-13,2922
2021-03-14,3387
2021-03-15,9189
2021-03-16,9252
2021-03-17,7032
2021-03-18,6421
2021-03-19,6797
2021-03-20,2563
2021-03-21,2203
2021-03-22,5130
2021-03-23,8772
2021-03-24,9930
2021-03-25,8528
2021-03-26,6524
2021-03-27,1787
2021-03-28,1659
2021-03-29,3898
2021-03-30,4730
2021-03-31,3437
2021-04-01,3157
2021-04-02,1167
2021-04-03,879
2021-04-04,822
2021-04-05,9418
2021-04-06,7148
2021-04-07,6462
2021-04-08,8120
2021-04-09,8228
2021-04-10,4516
2021-04-11,3518
2021-04-12,7615
2021-04-13,8876
2021-04-14,9997
2021-04-15,7136
2021-04-16,10245
2021-04-17,5426
2021-04-18,4660
2021-04-19,8714
2021-04-20,7217
2021-04-21,6884
2021-04-22,7032
2021-04-23,7217
2021-04-24,3664
2021-04-25,3186
2021-04-26,7613
2021-04-27,7228
2021-04-28,6343
2021-04-29,5214
2021-04-30,4800
2021-05-01,2743
2021-05-02,2853
2021-05-03,5018
2021-05-04,5637
2021-05-05,6497
2021-05-06,7156
2021-05-07,5451
2021-05-08,3314
2021-05-09,3198
2021-05-10,5177
2021-05-11,7686
2021-05-12,7857
2021-05-13,8355
2021-05-14,9726
2021-05-15,3800
2021-05-16,3604
2021-05-17,6710
2021-05-18,6514
2021-05-19,5969
2021-05-20,5300
2021-05-21,4721
2021-05-22,2746
2021-05-23,3258
2021-05-24,6106
2021-05-25,9409
2021-05-26,11437
2021-05-27,15134
2021-05-28,11609
2021-05-29,4767
2021-05-30,4465
2021-05-31,4303
2021-06-01,6447
2021-06-02,12696
2021-06-03,11125
2021-06-04,8126
2021-06-05,5384
2021-06-06,4944
2021-06-07,7110
2021-06-08,10667
2021-06-09,14582
2021-06-10,12460
2021-06-11,7481
2021-06-12,3281
2021-06-13,3610
2021-06-14,5083
2021-06-15,6280
2021-06-16,5445
2021-06-17,6568
2021-06-18,6063
2021-06-19,3335
2021-06-20,3061
2021-06-21,4872
2021-06-22,6585
2021-06-23,4467
2021-06-24,4334
2021-06-25,5156
2021-06-26,3236
2021-06-27,3795
2021-06-28,5012
2021-06-29,3948
2021-06-30,4264
2021-07-01,5092
2021-07-02,4816
2021-07-03,2511
2021-07-04,2214
2021-07-05,2249
2021-07-06,3848
2021-07-07,3941
2021-07-08,3665
2021-07-09,3095
2021-07-10,1731
2021-07-11,1750
2021-07-12,2572
2021-07-13,3102
2021-07-14,4525
2021-07-15,4621
2021-07-16,3611
2021-07-17,2645
2021-07-18,3152
2021-07-19,2819
2021-07-20,3065
2021-07-21,2244
2021-07-22,2316
2021-07-23,2076
2021-07-24,1069
2021-07-25,1128
2021-07-26,1709
2021-07-27,2175
2021-07-28,3238
2021-07-29,2746
2021-07-30,2580
2021-07-31,1261
2021-08-01,1289
2021-08-02,2070
2021-08-03,3255
2021-08-04,3198
2021-08-05,3177
2021-08-06,2364
2021-08-07,1616
2021-08-08,1390
2021-08-09,2675
2021-08-10,3375
2021-08-11,2238
2021-08-12,2446
2021-08-13,2080
2021-08-14,1564
2021-08-15,1583
2021-08-16,1939
2021-08-17,2313
2021-08-18,2543
2021-08-19,2366
2021-08-20,2077
2021-08-21,1219
2021-08-22,1244
2021-08-23,1864
2021-08-24,4890
2021-08-25,4127
2021-08-26,2945
2021-08-27,2409
2021-08-28,1614
2021-08-29,1514
2021-08-30,2792
2021-08-31,2737
2021-09-01,2944
2021-09-02,2833
2021-09-03,3684
2021-09-04,1636
2021-09-05,1824
2021-09-06,1858
2021-09-07,2703
2021-09-08,4077
2021-09-09,4854
2021-09-10,3078
2021-09-11,2096
2021-09-12,2387
2021-09-13,3334
2021-09-14,2845
2021-09-15,2854
2021-09-16,3423
2021-09-17,2811
2021-09-18,1594
2021-09-19,1356
2021-09-20,3044
2021-09-21,2355
2021-09-22,2261
2021-09-23,2577
2021-09-24,2523
2021-09-25,1704
2021-09-26,1574
2021-09-27,1704
2021-09-28,2428
2021-09-29,2471
2021-09-30,2762
2021-10-01,2234
2021-10-02,1679
2021-10-03,1525
2021-10-04,2049
2021-10-05,2021
2021-10-06,2264
2021-10-07,2107
2021-10-08,1982
2021-10-09,1337
2021-10-10,1277
2021-10-11,2098
2021-10-12,2178
2021-10-13,3097
2021-10-14,2429
2021-10-15,2354
2021-10-16,2142
2021-10-17,1419
2021-10-18,2640
2021-10-19,4103
2021-10-20,2975
2021-10-21,2658
2021-10-22,2985
2021-10-23,1906
2021-10-24,1483
2021-10-25,1556
2021-10-26,2491
2021-10-27,2282
2021-10-28,2901
2021-10-29,5780
2021-10-30,2369
2021-10-31,2020
2021-11-01,3570
2021-11-02,4194
2021-11-03,4211
2021-11-04,3277
2021-11-05,3031
2021-11-06,2479
2021-11-07,2167
2021-11-08,3289
2021-11-09,4674
2021-11-10,4100
2021-11-11,3719
2021-11-12,2756
2021-11-13,2042
2021-11-14,1681
2021-11-15,2583
2021-11-16,2592
2021-11-17,2811
2021-11-18,2751
2021-11-19,3355
2021-11-20,2121
2021-11-21,1712
2021-11-22,4169
2021-11-23,4896
2021-11-24,2844
2021-11-25,1888
2021-11-26,2500
2021-11-27,1775
2021-11-28,1784
2021-11-29,3047
2021-11-30,3632
2021-12-01,4058
2021-12-02,4175
2021-12-03,4692
2021-12-04,3166
2021-12-05,2008
2021-12-06,3892
2021-12-07,4233
2021-12-08,6787
2021-12-09,6567
2021-12-10,5297
2021-12-11,3031
2021-12-12,2168
2021-12-13,5232
2021-12-14,5195
2021-12-15,4046
2021-12-16,3801
2021-12-17,4133
2021-12-18,2730
2021-12-19,1974
2021-12-20,2870
2021-12-21,3116
2021-12-22,3369
2021-12-23,3023
2021-12-24,1906
2021-12-25,1432
2021-12-26,1416
2021-12-27,2285
2021-12-28,3832
2021-12-29,3545
2021-12-30,3159
2021-12-31,2952
2022-01-01,1579
2022-01-02,1704
2022-01-03,2585
2022-01-04,3087
2022-01-05,4149
2022-01-06,7457
2022-01-07,9400
2022-01-08,3565
2022-01-09,3222
2022-01-10,4465
2022-01-11,4659
2022-01-12,3842
2022-01-13,4294
2022-01-14,4988
2022-01-15,2873
2022-01-16,1971
2022-01-17,2499
2022-01-18,4439
2022-01-19,5253
2022-01-20,4782
2022-01-21,5963
2022-01-22,2688
2022-01-23,2492
2022-01-24,4568
2022-01-25,4215
2022-01-26,5886
2022-01-27,4313
2022-01-28,6285
2022-01-29,3940
2022-01-30,2396
2022-01-31,3326
2022-02-01,4002
2022-02-02,3342
2022-02-03,5122
2022-02-04,3350
2022-02-05,2508
2022-02-06,2009
2022-02-07,2655
2022-02-08,3800
2022-02-09,3625
2022-02-10,3650
2022-02-11,3071
2022-02-12,1464
2022-02-13,1134
2022-02-14,1462
2022-02-15,2170
2022-02-16,2850
2022-02-17,2651
2022-02-18,2418
2022-02-19,1882
2022-02-20,1574
2022-02-21,1756
2022-02-22,2691
2022-02-23,3015
2022-02-24,3146
2022-02-25,2348
2022-02-26,2242
2022-02-27,1256
2022-02-28,1731
2022-03-01,2029
2022-03-02,2591
2022-03-03,2501
2022-03-04,2485
2022-03-05,1776
2022-03-06,1265
2022-03-07,5080
2022-03-08,2800
2022-03-09,2492
2022-03-10,2202
2022-03-11,2282
2022-03-12,1662
2022-03-13,1359
2022-03-14,3625
2022-03-15,3526
2022-03-16,3155
2022-03-17,5855
2022-03-18,5161
2022-03-19,1986
2022-03-20,1687
2022-03-21,2267
2022-03-22,7284
2022-03-23,8397
2022-03-24,6128
2022-03-25,6328
2022-03-26,2902
2022-03-27,2297
2022-03-28,6838
2022-03-29,8170
2022-03-30,5240
2022-03-31,7736
2022-04-01,8289
2022-04-02,3201
2022-04-03,2709
2022-04-04,4263
2022-04-05,3921
2022-04-06,3551
2022-04-07,3438
2022-04-08,3400
2022-04-09,2312
2022-04-10,2134
2022-04-11,3202
2022-04-12,3505
2022-04-13,3598
2022-04-14,3178
2022-04-15,2465
2022-04-16,1804
2022-04-17,1734
2022-04-18,2417
2022-04-19,2696
2022-04-20,2800
2022-04-21,2892
2022-04-22,4273
2022-04-23,1733
2022-04-24,1614
2022-04-25,2638
2022-04-26,2531
2022-04-27,2621
2022-04-28,2428
2022-04-29,2949
2022-04-30,1497
2022-05-01,1538
2022-05-02,2092
2022-05-03,2002
2022-05-04,2455
2022-05-05,2782
2022-05-06,2541
2022-05-07,1819
2022-05-08,1312
2022-05-09,2718
2022-05-10,3421
2022-05-11,3669
2022-05-12,5045
2022-05-13,2949
2022-05-14,1625
2022-05-15,1662
2022-05-16,2763
2022-05-17,2718
2022-05-18,2995
2022-05-19,4209
2022-05-20,3412
2022-05-21,1514
2022-05-22,1632
2022-05-23,4794
2022-05-24,3719
2022-05-25,5060
2022-05-26,5038
2022-05-27,3814
2022-05-28,1963
2022-05-29,1878
2022-05-30,2201
2022-05-31,2674
2022-06-01,6009
2022-06-02,5073
2022-06-03,3897
2022-06-04,2005
2022-06-05,1912
2022-06-06,3544
2022-06-07,4325
2022-06-08,4364
2022-06-09,3135
2022-06-10,3010
2022-06-11,1508
2022-06-12,1478
2022-06-13,3397
2022-06-14,3399
2022-06-15,3255
2022-06-16,3161
2022-06-17,3550
2022-06-18,1875
2022-06-19,1897
2022-06-20,1842
2022-06-21,2131
2022-06-22,2434
2022-06-23,2414
2022-06-24,2769
2022-06-25,1450
2022-06-26,1267
2022-06-27,1759
2022-06-28,2034
2022-06-29,2304
2022-06-30,1991
2022-07-01,1622
2022-07-02,1338
2022-07-03,927
2022-07-04,1508
2022-07-05,3079
2022-07-06,3716
2022-07-07,6813
2022-07-08,3389
2022-07-09,2241
2022-07-10,2142
2022-07-11,3450
2022-07-12,5787
2022-07-13,4422
2022-07-14,4727
2022-07-15,3153
2022-07-16,2783
2022-07-17,2127
2022-07-18,2995
2022-07-19,3200
2022-07-20,2921
2022-07-21,3720
2022-07-22,6249
2022-07-23,2956
2022-07-24,2224
2022-07-25,3097
2022-07-26,2660
2022-07-27,2450
2022-07-28,2877
2022-07-29,3530
2022-07-30,2418
2022-07-31,1748
2022-08-01,4026
2022-08-02,4525
2022-08-03,3875
2022-08-04,3271
2022-08-05,4388
2022-08-06,3518
2022-08-07,2942
2022-08-08,4755
2022-08-09,3388
2022-08-10,2715
2022-08-11,2853
2022-08-12,2694
2022-08-13,2169
2022-08-14,2308
2022-08-15,3098
2022-08-16,5963
2022-08-17,4865
2022-08-18,7014
2022-08-19,6453
2022-08-20,2504
2022-08-21,1920
2022-08-22,2553
2022-08-23,2491
2022-08-24,2322
2022-08-25,2419
2022-08-26,1734
2022-08-27,1908
2022-08-28,1752
2022-08-29,1964
2022-08-30,2597
2022-08-31,2835
2022-09-01,2208
2022-09-02,1762
2022-09-03,2086
2022-09-04,1816
2022-09-05,1456
2022-09-06,2016
2022-09-07,3262
2022-09-08,2633
2022-09-09,1786
2022-09-10,3234
2022-09-11,1607
2022-09-12,1744
2022-09-13,1670
2022-09-14,1721
2022-09-15,1731
2022-09-16,1898
2022-09-17,2705
2022-09-18,3286
2022-09-19,1357
2022-09-20,1502
2022-09-21,1506
2022-09-22,1516
2022-09-23,1627
2022-09-24,3398
2022-09-25,3575
2022-09-26,2419
2022-09-27,1700
2022-09-28,1628
2022-09-29,1611
2022-09-30,1802
2022-10-01,5387
2022-10-02,2955
2022-10-03,1569
2022-10-04,1413
2022-10-05,1287
2022-10-06,1396
2022-10-07,1329
2022-10-08,1331
2022-10-09,1349
2022-10-10,2340
2022-10-11,1468
2022-10-12,1420
2022-10-13,1436
2022-10-14,1395
2022-10-15,3466
2022-10-16,1887
2022-10-17,1638
2022-10-18,1765
2022-10-19,1320
2022-10-20,1473
2022-10-21,2378
2022-10-22,4496
2022-10-23,3377
2022-10-24,2583
2022-10-25,1490
2022-10-26,1287
2022-10-27,1730
2022-10-28,2963
2022-10-29,2943
2022-10-30,2095
2022-10-31,3518
2022-11-01,1874
2022-11-02,1560
2022-11-03,1454
2022-11-04,1501
2022-11-05,1639
2022-11-06,2051
2022-11-07,1588
2022-11-08,1474
2022-11-09,1499
2022-11-10,1615
2022-11-11,1648
2022-11-12,2091
2022-11-13,1671
2022-11-14,1877
2022-11-15,1831
2022-11-16,1616
2022-11-17,1842
2022-11-18,1922
2022-11-19,2210
2022-11-20,1624
2022-11-21,1955
2022-11-22,3219
2022-11-23,1814
2022-11-24,1073
2022-11-25,2166
2022-11-26,2432
2022-11-27,3227
2022-11-28,1531
2022-11-29,1301
2022-11-30,1288
2022-12-01,1216
2022-12-02,1568
2022-12-03,3553
2022-12-04,2780
2022-12-05,1509
2022-12-06,1193
2022-12-07,2105
2022-12-08,2665
2022-12-09,2477
2022-12-10,4203
2022-12-11,2820
2022-12-12,1630
2022-12-13,1664
2022-12-14,1466
2022-12-15,1369
2022-12-16,1136
2022-12-17,1563
2022-12-18,1448
2022-12-19,1099
2022-12-20,1087
2022-12-21,1085
2022-12-22,1344
2022-12-23,1065
2022-12-24,1479
2022-12-25,924
2022-12-26,1404
2022-12-27,1181
2022-12-28,1386
2022-12-29,970
2022-12-30,1060
2022-12-31,1024
2023-01-01,837
2023-01-02,702
2023-01-03,1037
2023-01-04,1098
2023-01-05,2075
2023-01-06,1626
2023-01-07,763
2023-01-08,1463
2023-01-09,1287
2023-01-10,1213
2023-01-11,1354
2023-01-12,1407
2023-01-13,1276
2023-01-14,1350
2023-01-15,1942
2023-01-16,956
2023-01-17,1322
2023-01-18,1125
2023-01-19,1330
2023-01-20,1431
2023-01-21,1161
2023-01-22,1533
2023-01-23,1582
2023-01-24,1231
2023-01-25,1209
2023-01-26,1155
2023-01-27,1556
2023-01-28,1598
2023-01-29,1573
2023-01-30,1003
2023-01-31,927
2023-02-01,1057
2023-02-02,1177
2023-02-03,1134
2023-02-04,1201
2023-02-05,925
2023-02-06,937
2023-02-07,1039
2023-02-08,803
2023-02-09,1036
2023-02-10,916
2023-02-11,1551
2023-02-12,1097
2023-02-13,1002
2023-02-14,778
2023-02-15,723
2023-02-16,810
2023-02-17,736
2023-02-18,726
2023-02-19,353
2023-02-20,888
2023-02-21,769
2023-02-22,682
2023-02-23,836
2023-02-24,664
2023-02-25,674
2023-02-26,574
2023-02-27,645
2023-02-28,743
2023-03-01,657
2023-03-02,702
2023-03-03,588
2023-03-04,419
2023-03-05,459
2023-03-06,624
2023-03-07,684
2023-03-08,900
2023-03-09,853
2023-03-10,1213
2023-03-11,1059
2023-03-12,813
2023-03-13,1306
2023-03-14,804
2023-03-15,1647
2023-03-16,1214
2023-03-17,1084
2023-03-18,783
2023-03-19,932
2023-03-20,2177
2023-03-21,3526
2023-03-22,4078
2023-03-23,1920
2023-03-24,1679
2023-03-25,1213
2023-03-26,1075
2023-03-27,1534
2023-03-28,2003
2023-03-29,2686
2023-03-30,1453
2023-03-31,1159
2023-04-01,774
2023-04-02,570
2023-04-03,841
2023-04-04,944
2023-04-05,1242
2023-04-06,889
2023-04-07,651
2023-04-08,442
2023-04-09,449
2023-04-10,577
2023-04-11,833
2023-04-12,809
2023-04-13,831
2023-04-14,920
2023-04-15,478
2023-04-16,473
2023-04-17,868
2023-04-18,1335
2023-04-19,1049
2023-04-20,708
2023-04-21,836
2023-04-22,525
2023-04-23,658
2023-04-24,733
2023-04-25,789
2023-04-26,891
2023-04-27,850
2023-04-28,1068
2023-04-29,638
2023-04-30,801
2023-05-01,919
2023-05-02,914
2023-05-03,808
2023-05-04,961
2023-05-05,812
2023-05-06,622
2023-05-07,616
2023-05-08,849
2023-05-09,696
2023-05-10,627
2023-05-11,751
2023-05-12,831
2023-05-13,593
2023-05-14,641
2023-05-15,743
2023-05-16,874
2023-05-17,824
2023-05-18,736
2023-05-19,585
2023-05-20,366
2023-05-21,658
2023-05-22,806
2023-05-23,823
2023-05-24,829
2023-05-25,610
2023-05-26,637
2023-05-27,326
2023-05-28,232
2023-05-29,329
2023-05-30,649
2023-05-31,671
2023-06-01,944
2023-06-02,898
2023-06-03,577
2023-06-04,503
2023-06-05,1068
2023-06-06,1095
2023-06-07,2677
2023-06-08,2031
2023-06-09,1192
2023-06-10,530
2023-06-11,475
2023-06-12,698
2023-06-13,1258
2023-06-14,694
2023-06-15,919
2023-06-16,816
2023-06-17,491
2023-06-18,415
2023-06-19,411
2023-06-20,677
2023-06-21,621
2023-06-22,507
2023-06-23,530
2023-06-24,348
2023-06-25,243
2023-06-26,286
2023-06-27,377
2023-06-28,688
2023-06-29,584
2023-06-30,498
2023-07-01,288
2023-07-02,264
2023-07-03,335
2023-07-04,334
2023-07-05,397
2023-07-06,614
2023-07-07,685
2023-07-08,626
2023-07-09,340
2023-07-10,479
2023-07-11,492
2023-07-12,469
2023-07-13,384
2023-07-14,489
2023-07-15,366
2023-07-16,314
2023-07-17,462
2023-07-18,416
2023-07-19,458
2023-07-20,466
2023-07-21,426
2023-07-22,268
2023-07-23,327
2023-07-24,376
2023-07-25,475
2023-07-26,417
2023-07-27,484
2023-07-28,392
2023-07-29,330
2023-07-30,221
2023-07-31,570
2023-08-01,468
2023-08-02,282
2023-08-03,430
2023-08-04,353
2023-08-05,224
2023-08-06,196
2023-08-07,381
2023-08-08,405
2023-08-09,325
2023-08-10,414
2023-08-11,288
2023-08-12,267
2023-08-13,149
2023-08-14,370
2023-08-15,399
2023-08-16,337
2023-08-17,389
2023-08-18,261
2023-08-19,184
2023-08-20,185
2023-08-21,230
2023-08-22,429
2023-08-23,477
2023-08-24,510
2023-08-25,423
2023-08-26,232
2023-08-27,168
2023-08-28,357
2023-08-29,394
2023-08-30,310
2023-08-31,321
2023-09-01,320
2023-09-02,158
2023-09-03,143
2023-09-04,255
2023-09-05,383
2023-09-06,835
2023-09-07,835
2023-09-08,742
2023-09-09,438
2023-09-10,350
2023-09-11,707
2023-09-12,501
2023-09-13,297
2023-09-14,511
2023-09-15,488
2023-09-16,409
2023-09-17,248
2023-09-18,392
2023-09-19,450
2023-09-20,461
2023-09-21,364
2023-09-22,398
2023-09-23,246
2023-09-24,237
2023-09-25,334
2023-09-26,370
2023-09-27,296
2023-09-28,846
2023-09-29,975
2023-09-30,324
2023-10-01,274
2023-10-02,566
2023-10-03,664
2023-10-04,494
2023-10-05,342
2023-10-06,313
2023-10-07,279
2023-10-08,282
2023-10-09,478
2023-10-10,496
2023-10-11,311
2023-10-12,351
2023-10-13,285
2023-10-14,348
2023-10-15,273
2023-10-16,412
2023-10-17,474
2023-10-18,465
2023-10-19,621
2023-10-20,602
2023-10-21,238
2023-10-22,225
2023-10-23,386
2023-10-24,383
2023-10-25,405
2023-10-26,312
2023-10-27,350
2023-10-28,231
2023-10-29,188
2023-10-30,439
2023-10-31,474
2023-11-01,366
2023-11-02,458
2023-11-03,345
2023-11-04,267
2023-11-05,275
2023-11-06,288
2023-11-07,355
2023-11-08,371
2023-11-09,528
2023-11-10,497
2023-11-11,316
2023-11-12,249
2023-11-13,536
2023-11-14,425
2023-11-15,383
2023-11-16,364
2023-11-17,343
2023-11-18,201
2023-11-19,202
2023-11-20,246
2023-11-21,351
2023-11-22,395
2023-11-23,204
2023-11-24,310
2023-11-25,165
2023-11-26,189
2023-11-27,393
2023-11-28,603
2023-11-29,1028
2023-11-30,548
2023-12-01,507
2023-12-02,248
2023-12-03,244
2023-12-04,542
2023-12-05,471
2023-12-06,862
2023-12-07,1296
2023-12-08,798
2023-12-09,325
2023-12-10,256
2023-12-11,334
2023-12-12,408
2023-12-13,452
2023-12-14,461
2023-12-15,298
2023-12-16,215
2023-12-17,260
2023-12-18,376
2023-12-19,313
2023-12-20,457
2023-12-21,304
2023-12-22,221
2023-12-23,205
2023-12-24,167
2023-12-25,156
2023-12-26,276
2023-12-27,334
2023-12-28,284
2023-12-29,317
2023-12-30,210
2023-12-31,127
2024-01-01,141
2024-01-02,240
2024-01-03,272
2024-01-04,234
2024-01-05,358
2024-01-06,211
2024-01-07,156
2024-01-08,207
2024-01-09,307
2024-01-10,254
2024-01-11,324
2024-01-12,609
2024-01-13,434
2024-01-14,229
2024-01-15,220
2024-01-16,310
2024-01-17,311
2024-01-18,282
2024-01-19,245
2024-01-20,176
2024-01-21,205
2024-01-22,281
2024-01-23,316
2024-01-24,329
2024-01-25,356
2024-01-26,377
2024-01-27,232
2024-01-28,236
2024-01-29,255
2024-01-30,341
2024-01-31,340
2024-02-01,380
2024-02-02,262
2024-02-03,274
2024-02-04,204
2024-02-05,339
2024-02-06,394
2024-02-07,449
2024-02-08,389
2024-02-09,351
2024-02-10,300
2024-02-11,254
2024-02-12,255
2024-02-13,183
2024-02-14,274
2024-02-15,260
2024-02-16,383
2024-02-17,241
2024-02-18,186
2024-02-19,234
2024-02-20,302
2024-02-21,341
2024-02-22,274
2024-02-23,340
2024-02-24,239
2024-02-25,180
2024-02-26,300
2024-02-27,269
2024-02-28,364
2024-02-29,283
2024-03-01,333
2024-03-02,189
2024-03-03,172
2024-03-04,378
2024-03-05,368
2024-03-06,348
2024-03-07,343
2024-03-08,345
2024-03-09,167
2024-03-10,178
2024-03-11,370
2024-03-12,331
2024-03-13,307
2024-03-14,258
2024-03-15,316
2024-03-16,173
2024-03-17,191
2024-03-18,259
2024-03-19,296
2024-03-20,381
2024-03-21,336
2024-03-22,305
2024-03-23,252
2024-03-24,211
2024-03-25,512
2024-03-26,1319
2024-03-27,1183
2024-03-28,867
2024-03-29,388
2024-03-30,394
2024-03-31,261
2024-04-01,557
2024-04-02,609
2024-04-03,698
2024-04-04,555
2024-04-05,570
2024-04-06,307
2024-04-07,272
2024-04-08,418
2024-04-09,413
2024-04-10,446
2024-04-11,509
2024-04-12,322
2024-04-13,254
2024-04-14,228
2024-04-15,474
2024-04-16,495
2024-04-17,389
2024-04-18,419
2024-04-19,367
2024-04-20,318
2024-04-21,275
2024-04-22,382
2024-04-23,329
2024-04-24,365
2024-04-25,342
2024-04-26,349
2024-04-27,216
2024-04-28,149
2024-04-29,202
2024-04-30,334
2024-05-01,381
2024-05-02,674
2024-05-03,710
2024-05-04,339
2024-05-05,244
2024-05-06,556
2024-05-07,458
2024-05-08,419
2024-05-09,563
2024-05-10,689
2024-05-11,291
2024-05-12,268
2024-05-13,3457
2024-05-14,4300
2024-05-15,3104
2024-05-16,2171
2024-05-17,3283
2024-05-18,1303
2024-05-19,945
2024-05-20,1541
2024-05-21,1505
2024-05-22,1223
2024-05-23,1169
2024-05-24,1517
2024-05-25,1589
2024-05-26,949
2024-05-27,900
2024-05-28,1154
2024-05-29,1304
2024-05-30,1268
2024-05-31,1171
2024-06-01,758
2024-06-02,665
2024-06-03,7945
2024-06-04,4546
2024-06-05,3671
2024-06-06,5121
2024-06-07,8676
2024-06-08,4245
2024-06-09,2583
2024-06-10,4567
2024-06-11,4880
2024-06-12,4405
2024-06-13,3053
2024-06-14,2532
2024-06-15,1458
2024-06-16,1554
2024-06-17,2421
2024-06-18,2357
2024-06-19,1563
2024-06-20,1445
2024-06-21,1263
2024-06-22,657
2024-06-23,657
2024-06-24,952
2024-06-25,1197
2024-06-26,1038
2024-06-27,1241
2024-06-28,953
2024-06-29,659
2024-06-30,678
2024-07-01,2185
2024-07-02,1109
2024-07-03,1681
2024-07-04,717
2024-07-05,807
2024-07-06,472
2024-07-07,466
2024-07-08,702
2024-07-09,729
2024-07-10,896
2024-07-11,789
2024-07-12,635
2024-07-13,462
2024-07-14,1455
2024-07-15,698
2024-07-16,892
2024-07-17,1091
2024-07-18,984
2024-07-19,856
2024-07-20,544
2024-07-21,443
2024-07-22,556
2024-07-23,608
2024-07-24,632
2024-07-25,879
2024-07-26,703
2024-07-27,454
2024-07-28,655
2024-07-29,612
2024-07-30,582
2024-07-31,472
2024-08-01,459
2024-08-02,804
2024-08-03,374
2024-08-04,440
2024-08-05,1184
2024-08-06,388
2024-08-07,492
2024-08-08,519
2024-08-09,381
2024-08-10,420
2024-08-11,409
2024-08-12,401
2024-08-13,433
2024-08-14,540
2024-08-15,599
2024-08-16,409
2024-08-17,270
2024-08-18,254
2024-08-19,360
2024-08-20,365
2024-08-21,355
2024-08-22,383
2024-08-23,316
2024-08-24,212
2024-08-25,170
2024-08-26,428
2024-08-27,537
2024-08-28,529
2024-08-29,607
2024-08-30,611
2024-08-31,292
2024-09-01,227
2024-09-02,268
2024-09-03,439
2024-09-04,528
2024-09-05,312
2024-09-06,711
2024-09-07,321
2024-09-08,271
2024-09-09,659
2024-09-10,1495
2024-09-11,1982
2024-09-12,1014
2024-09-13,761
2024-09-14,530
2024-09-15,535
2024-09-16,453
2024-09-17,357
2024-09-18,461
2024-09-19,384
2024-09-20,566
2024-09-21,322
2024-09-22,276
2024-09-23,455
2024-09-24,561
2024-09-25,490
2024-09-26,412
2024-09-27,449
2024-09-28,195
2024-09-29,244
2024-09-30,316
2024-10-01,287
2024-10-02,191
2024-10-03,316
2024-10-04,285
2024-10-05,198
2024-10-06,115
2024-10-07,210
2024-10-08,293
2024-10-09,231
2024-10-10,280
2024-10-11,264
2024-10-12,172
2024-10-13,140
2024-10-14,172
2024-10-15,448
2024-10-16,330
2024-10-17,308
2024-10-18,258
2024-10-19,152
2024-10-20,199
2024-10-21,227
2024-10-22,221
2024-10-23,193
2024-10-24,203
2024-10-25,199
2024-10-26,268
2024-10-27,203
2024-10-28,365
2024-10-29,446
2024-10-30,470
2024-10-31,334
2024-11-01,236
2024-11-02,145
2024-11-03,163
2024-11-04,230
2024-11-05,296
2024-11-06,657
2024-11-07,601
2024-11-08,540
2024-11-09,298
2024-11-10,281
2024-11-11,595
2024-11-12,641
2024-11-13,443
2024-11-14,529
2024-11-15,497
2024-11-16,232
2024-11-17,294
2024-11-18,433
2024-11-19,378
2024-11-20,501
2024-11-21,581
2024-11-22,401
2024-11-23,217
2024-11-24,199
2024-11-25,387
2024-11-26,575
2024-11-27,483
2024-11-28,349
2024-11-29,419
2024-11-30,252
2024-12-01,209
2024-12-02,251
2024-12-03,316
2024-12-04,262
2024-12-05,609
2024-12-06,576
2024-12-07,269
2024-12-08,256
2024-12-09,405
2024-12-10,748
2024-12-11,740
2024-12-12,462
2024-12-13,446
2024-12-14,214
2024-12-15,251
2024-12-16,316
2024-12-17,407
2024-12-18,477
2024-12-19,332
2024-12-20,378
2024-12-21,177
2024-12-22,201
2024-12-23,273
2024-12-24,273
2024-12-25,213
2024-12-26,330
2024-12-27,366
2024-12-28,190
2024-12-29,211
2024-12-30,342
2024-12-31,380
2025-01-01,258
2025-01-02,521
2025-01-03,470
2025-01-04,291
2025-01-05,279
2025-01-06,411
2025-01-07,320
2025-01-08,484
2025-01-09,376
2025-01-10,419
2025-01-11,212
2025-01-12,268
2025-01-13,441
2025-01-14,609
2025-01-15,543
2025-01-16,512
2025-01-17,424
2025-01-18,290
2025-01-19,217
2025-01-20,173
2025-01-21,331
2025-01-22,298
2025-01-23,514
2025-01-24,356
2025-01-25,233
2025-01-26,148
2025-01-27,331
2025-01-28,337
2025-01-29,346
2025-01-30,487
2025-01-31,299
2025-02-01,229
2025-02-02,231
2025-02-03,322
2025-02-04,301
2025-02-05,341
2025-02-06,339
2025-02-07,283
2025-02-08,320
2025-02-09,216
2025-02-10,325
2025-02-11,333
2025-02-12,445
2025-02-13,597
2025-02-14,590
2025-02-15,211
2025-02-16,188
2025-02-17,454
2025-02-18,848
2025-02-19,836
2025-02-20,641
2025-02-21,331
2025-02-22,183
2025-02-23,116
2025-02-24,230
2025-02-25,564
2025-02-26,366
2025-02-27,357
2025-02-28,263
2025-03-01,143
2025-03-02,146
2025-03-03,224
2025-03-04,236
2025-03-05,192
2025-03-06,275
2025-03-07,245
2025-03-08,125
2025-03-09,117
2025-03-10,269
2025-03-11,218
2025-03-12,264
2025-03-13,272
2025-03-14,282
2025-03-15,123
2025-03-16,100
2025-03-17,164
2025-03-18,303
2025-03-19,246
2025-03-20,448
2025-03-21,448
2025-03-22,176
2025-03-23,158
2025-03-24,245
2025-03-25,822
2025-03-26,1394
2025-03-27,1359
2025-03-28,707
2025-03-29,330
2025-03-30,253
2025-03-31,410
2025-04-01,449
2025-04-02,645
2025-04-03,552
2025-04-04,1021
2025-04-05,552
2025-04-06,596
2025-04-07,762
2025-04-08,495
2025-04-09,654
2025-04-10,595
2025-04-11,470
2025-04-12,246
2025-04-13,233
2025-04-14,427
2025-04-15,404
2025-04-16,323
2025-04-17,384
2025-04-18,338
2025-04-19,199
2025-04-20,182
2025-04-21,268
2025-04-22,324
2025-04-23,395
2025-04-24,450
2025-04-25,445
2025-04-26,144
2025-04-27,156
2025-04-28,247
2025-04-29,225
2025-04-30,285
2025-05-01,411
2025-05-02,344
2025-05-03,148
2025-05-04,154
2025-05-05,218
2025-05-06,276
2025-05-07,256
2025-05-08,267
2025-05-09,226
2025-05-10,165
2025-05-11,166
2025-05-12,276
2025-05-13,285
2025-05-14,281
2025-05-15,282
2025-05-16,209
2025-05-17,84
2025-05-18,122
2025-05-19,197
2025-05-20,233
2025-05-21,285
2025-05-22,583
2025-05-23,596
2025-05-24,339
2025-05-25,176
2025-05-26,310
2025-05-27,447
2025-05-28,1273
2025-05-29,583
2025-05-30,344
2025-05-31,139
2025-06-01,215
2025-06-02,253
2025-06-03,307
2025-06-04,356
2025-06-05,419
2025-06-06,235
2025-06-07,155
2025-06-08,128
2025-06-09,362
2025-06-10,670
2025-06-11,1035
2025-06-12,1608
2025-06-13,747
2025-06-14,263
2025-06-15,365
2025-06-16,471
2025-06-17,316
2025-06-18,360
2025-06-19,219
2025-06-20,279
2025-06-21,134
2025-06-22,141
2025-06-23,174
2025-06-24,248
2025-06-25,259
2025-06-26,251
2025-06-27,194
2025-06-28,88
2025-06-29,96
2025-06-30,241
2025-07-01,218
2025-07-02,305
2025-07-03,270
2025-07-04,175
2025-07-05,125
2025-07-06,152
2025-07-07,170
2025-07-08,193
2025-07-09,301
2025-07-10,365
2025-07-11,232
2025-07-12,106
2025-07-13,117
2025-07-14,260
2025-07-15,390
2025-07-16,326
2025-07-17,239
2025-07-18,227
2025-07-19,227
2025-07-20,134
2025-07-21,405
2025-07-22,324
2025-07-23,416
2025-07-24,212
2025-07-25,164
2025-07-26,111
2025-07-27,104
2025-07-28,271
2025-07-29,614
2025-07-30,615
2025-07-31,467
2025-08-01,266
2025-08-02,189
2025-08-03,146
2025-08-04,219
2025-08-05,161
2025-08-06,313
2025-08-07,219
2025-08-08,169
2025-08-09,167
2025-08-10,91
2025-08-11,194
2025-08-12,209
2025-08-13,193
2025-08-14,228
2025-08-15,278
2025-08-16,234
2025-08-17,146
2025-08-18,162
2025-08-19,161
2025-08-20,207
2025-08-21,236
2025-08-22,177
2025-08-23,88
2025-08-24,69
2025-08-25,154
2025-08-26,163
2025-08-27,200
2025-08-28,232
2025-08-29,267
2025-08-30,89
2025-08-31,110
2025-09-01,117
2025-09-02,243
2025-09-03,217
2025-09-04,322
2025-09-05,232
2025-09-06,166
2025-09-07,120
2025-09-08,227
2025-09-09,1042
2025-09-10,1584
2025-09-11,819
2025-09-12,576
2025-09-13,422
2025-09-14,438
2025-09-15,383
2025-09-16,432
2025-09-17,425
2025-09-18,416
2025-09-19,395
2025-09-20,232
2025-09-21,178
2025-09-22,341
2025-09-23,289
2025-09-24,299
2025-09-25,309
2025-09-26,311
2025-09-27,219
2025-09-28,218
2025-09-29,388
2025-09-30,289
2025-10-01,470
2025-10-02,490
2025-10-03,699
2025-10-04,302
2025-10-05,223
2025-10-06,512
2025-10-07,927
2025-10-08,1198
2025-10-09,710
2025-10-10,535
2025-10-11,208
2025-10-12,176
2025-10-13,300
2025-10-14,296
2025-10-15,440
2025-10-16,443
2025-10-17,257
2025-10-18,164
2025-10-19,185
2025-10-20,325
2025-10-21,813
2025-10-22,975
2025-10-23,652
2025-10-24,429
2025-10-25,198
2025-10-26,157
2025-10-27,596
2025-10-28,340
2025-10-29,286
2025-10-30,284
2025-10-31,319
2025-11-01,125
2025-11-02,117
2025-11-03,215
2025-11-04,281
2025-11-05,165
2025-11-06,347
2025-11-07,256
2025-11-08,140
2025-11-09,130
2025-11-10,205
2025-11-11,244
2025-11-12,271
2025-11-13,267
2025-11-14,329
2025-11-15,128
2025-11-16,113
2025-11-17,253
2025-11-18,242
2025-11-19,228
2025-11-20,337
2025-11-21,267
2025-11-22,116
2025-11-23,105
2025-11-24,145
2025-11-25,157
2025-11-26,200
2025-11-27,269
2025-11-28,361
2025-11-29,177
2025-11-30,233
2025-12-01,330
2025-12-02,342
2025-12-03,376
2025-12-04,320
2025-12-05,219
2025-12-06,153
2025-12-07,170
2025-12-08,268
2025-12-09,537
2025-12-10,581
2025-12-11,477
2025-12-12,338
2025-12-13,193
2025-12-14,117
2025-12-15,290
2025-12-16,503
2025-12-17,233
2025-12-18,197
2025-12-19,236
2025-12-20,119
2025-12-21,64
2025-12-22,176
2025-12-23,166
2025-12-24,84
2025-12-25,71
2025-12-26,112
2025-12-27,98
2025-12-28,115
2025-12-29,183
2025-12-30,133
2025-12-31,196
2026-01-01,179
2026-01-02,192
2026-01-03,128
2026-01-04,81
2026-01-05,163
2026-01-06,168
2026-01-07,440
2026-01-08,213
2026-01-09,219
2026-01-10,102
2026-01-11,117
2026-01-12,211
2026-01-13,243
2026-01-14,240
2026-01-15,135
2026-01-16,134
2026-01-17,150
2026-01-18,102
2026-01-19,102
2026-01-20,236
2026-01-21,266
2026-01-22,285
2026-01-23,199
2026-01-24,172
2026-01-25,111
2026-01-26,481
2026-01-27,322
2026-01-28,247
2026-01-29,242
2026-01-30,716
2026-01-31,728
2026-02-01,454
2026-02-02,703
2026-02-03,752
2026-02-04,437
2026-02-05,445
2026-02-06,396
2026-02-07,183
2026-02-08,185
2026-02-09,287
2026-02-10,254
2026-02-11,201
2026-02-12,153
2026-02-13,210
2026-02-14,157
2026-02-15,134
2026-02-16,125
2026-02-17,170
2026-02-18,280
2026-02-19,213
2026-02-20,159
2026-02-21,109
2026-02-22,104
2026-02-23,165
2026-02-24,212
2026-02-25,196
2026-02-26,150
2026-02-27,113
2026-02-28,78
2026-03-01,62
2026-03-02,107
2026-03-03,192
2026-03-04,103
2026-03-05,127
2026-03-06,156
2026-03-07,127
2026-03-08,75
2026-03-09,123
2026-03-10,109
2026-03-11,155
2026-03-12,116
2026-03-13,156
2026-03-14,53
2026-03-15,47
2026-03-16,95
2026-03-17,140
2026-03-18,114
2026-03-19,150
2026-03-20,147
2026-03-21,63
2026-03-22,72
2026-03-23,201
2026-03-24,317
2026-03-25,300
2026-03-26,210
2026-03-27,247
2026-03-28,108
2026-03-29,97
2026-03-30,299
2026-03-31,231
2026-04-01,149
2026-04-02,152
2026-04-03,128
2026-04-04,66
2026-04-05,68
2026-04-06,83
2026-04-07,174
2026-04-08,171
2026-04-09,148
2026-04-10,122
2026-04-11,55
2026-04-12,69
2026-04-13,85
2026-04-14,164
2026-04-15,262
2026-04-16,233
2026-04-17,291
2026-04-18,93
2026-04-19,64
2026-04-20,133
2026-04-21,169
2026-04-22,242
2026-04-23,217
2026-04-24,211
2026-04-25,85
2026-04-26,90
2026-04-27,188
2026-04-28,109
2026-04-29,132
2026-04-30,135
2026-05-01,593
2026-05-02,786
2026-05-03,635
2026-05-04,2499
2026-05-05,1478
2026-05-06,915
2026-05-07,977
2026-05-08,609
2026-05-09,600
2026-05-10,466
2026-05-11,990
2026-05-12,2593
2026-05-13,1357
2026-05-14,877
2026-05-15,694
2026-05-16,347
2026-05-17,315
2026-05-18,397
2026-05-19,290
2026-05-20,376
2026-05-21,265
2026-05-22,354
2026-05-23,222
2026-05-24,230
2026-05-25,138
2026-05-26,318
2026-05-27,716
2026-05-28,444
2026-05-29,441
2026-05-30,347
2026-05-31,347
2026-06-01,409
2026-06-02,672
2026-06-03,678
2026-06-04,302
2026-06-05,242
2026-06-06,283
2026-06-07,150
2026-06-08,208
2026-06-09,220
2026-06-10,208
2026-06-11,234
2026-06-12,230
2026-06-13,125
2026-06-14,93
2026-06-15,138
2026-06-16,274
2026-06-17,289
2026-06-18,285
2026-06-19,150
2026-06-20,156
2026-06-21,100
2026-06-22,239
2026-06-23,282
2026-06-24,344
2026-06-25,260
2026-06-26,244
2026-06-27,159
2026-06-28,68
2026-06-29,192
2026-06-30,222
