escenario,D,dia,tasa_I2,prob_dia_I2,tasa_I2tv,prob_dia_I2tv
D en su cuartil bajo,0.0869565217391304,3,0.045448934326144226,0.044431601929780906,0.021366994214067982,0.021140337189976877
D en su cuartil bajo,0.0869565217391304,7,0.055413393527691236,0.05390604201746396,0.046193161899448054,0.04514249771286849
D en su cuartil bajo,0.0869565217391304,14,0.06841326306518013,0.06612554200128917,0.07287593450418571,0.07028383143170203
D en su cuartil bajo,0.0869565217391304,30,0.04975422959833476,0.04853676273059848,0.06538361356348316,0.06329193947113576
D en su mediana,0.3076923076923077,3,0.0507168119462128,0.04945218379268823,0.027871925511115836,0.027487087080258155
D en su mediana,0.3076923076923077,7,0.06183622785691461,0.059963173969156514,0.055472938099424385,0.05396237509983004
D en su mediana,0.3076923076923077,14,0.07634288127868383,0.07350152689108891,0.08179044392035832,0.07853496293403661
D en su mediana,0.3076923076923077,30,0.05552112372887657,0.05400795942000791,0.06812043885619613,0.06585204090991925
D en su cuartil alto,0.5714285714285714,3,0.057817381168194876,0.05617770857601778,0.03828914055039071,0.03756537821978856
D en su cuartil alto,0.5714285714285714,7,0.07049356256458378,0.06806626123025405,0.06903547819204764,0.06670643207761384
D en su cuartil alto,0.5714285714285714,14,0.08703120911955342,0.08335151260549589,0.09388243042201834,0.08961020990754609
D en su cuartil alto,0.5714285714285714,30,0.06329431701904666,0.061332832692266415,0.07154102317064921,0.0690419140409314
D una decima sobre la mediana,0.4076923076923077,3,0.05330021768322696,0.05190466523308779,0.03143817550406444,0.030949134316901605
D una decima sobre la mediana,0.4076923076923077,7,0.06498603281646702,0.06291944833794971,0.06026964779254424,0.05848937690858835
D una decima sobre la mediana,0.4076923076923077,14,0.08023162408224781,0.0770974448293511,0.08618024654577769,0.08257114706557189
D una decima sobre la mediana,0.4076923076923077,30,0.058349250814600524,0.05667956553135589,0.06939772530278299,0.0670444537486784
