evento_id,ret_v1,ret_v2,vol_v1,vol_v2,acopl_v1,acopl_v2,dif_ret,dif_vol,acopl_cambia
OTLY_2025-01-01,20.726,0.0863,0.09,1.8,sincronico,sincronico,20.639699999999998,1.71,False
CVNA_2025-01-02,-0.8258,-0.1288,13.19,2.64,reactivo,atencion anticipa,0.697,10.549999999999999,True
MSFT_2025-01-03,0.0114,0.0114,0.9,0.89,atencion anticipa,atencion anticipa,0.0,0.010000000000000009,False
KSS_2025-01-05,-0.0085,-0.0085,0.83,0.83,reactivo,reactivo,0.0,0.0,False
ARBE_2025-01-06,0.4297,0.4297,65.18,64.67,sincronico,sincronico,0.0,0.5100000000000051,False
DJT_2025-01-06,0.2395,0.2395,1.87,1.86,sincronico,sincronico,0.0,0.010000000000000009,False
FUBO_2025-01-06,2.7917,2.7917,3.04,32.54,sincronico,sincronico,0.0,29.5,False
META_2025-01-06,0.1188,0.1188,1.33,1.32,atencion anticipa,atencion anticipa,0.0,0.010000000000000009,False
RIME_2025-01-06,1.0909,1.0359,0.01,2.3,sincronico,sincronico,0.05499999999999994,2.29,False
SKYX_2025-01-06,0.2097,0.2097,1.68,1.67,atencion anticipa,atencion anticipa,0.0,0.010000000000000009,False
TSM_2025-01-06,0.0296,0.0296,1.69,1.69,reactivo,reactivo,0.0,0.0,False
GCTK_2025-01-08,-0.1032,-0.1045,0.3,57.16,reactivo,reactivo,0.0012999999999999956,56.86,False
IONQ_2025-01-08,-0.39,-0.39,2.71,2.71,reactivo,reactivo,0.0,0.0,False
AAPL_2025-01-16,-0.0012,-0.0012,1.46,1.46,sincronico,sincronico,0.0,0.0,False
INTC_2025-01-17,0.0173,0.0173,1.57,1.56,reactivo,reactivo,0.0,0.010000000000000009,False
ICE_2025-01-21,0.0175,0.0175,1.23,1.23,atencion anticipa,atencion anticipa,0.0,0.0,False
ORCL_2025-01-21,0.144,0.144,4.19,4.19,sincronico,sincronico,0.0,0.0,False
RKLB_2025-01-21,0.3029,0.3029,2.18,2.17,atencion anticipa,atencion anticipa,0.0,0.010000000000000231,False
VST_2025-01-21,-0.1977,-0.1977,2.58,2.58,reactivo,reactivo,0.0,0.0,False
AMZN_2025-01-22,0.0352,0.0352,1.41,1.41,reactivo,reactivo,0.0,0.0,False
OKLO_2025-01-22,0.7757,0.7757,2.15,2.15,sincronico,sincronico,0.0,0.0,False
SBUX_2025-01-26,0.0162,0.0162,3.09,3.06,atencion anticipa,atencion anticipa,0.0,0.029999999999999805,False
ASML_2025-01-27,-0.0268,-0.0268,2.76,2.76,reactivo,reactivo,0.0,0.0,False
AVGO_2025-01-27,-0.174,-0.174,1.67,1.67,reactivo,reactivo,0.0,0.0,False
BABA_2025-01-27,0.085,0.085,3.54,3.54,sincronico,sincronico,0.0,0.0,False
GDC_2025-01-27,0.6121,0.6121,0.1,3.73,reactivo,reactivo,0.0,3.63,False
MSFT_2025-01-27,-0.0039,-0.0039,1.84,1.82,sincronico,sincronico,0.0,0.020000000000000018,False
NBIS_2025-01-27,0.1094,0.1094,2.45,2.46,reactivo,reactivo,0.0,0.009999999999999787,False
NVDA_2025-01-27,-0.1697,-0.1697,2.48,2.48,reactivo,reactivo,0.0,0.0,False
DEI_2025-01-28,0.0251,0.0251,1.12,1.12,sincronico,sincronico,0.0,0.0,False
TSLA_2025-01-29,-0.0226,-0.0226,1.13,1.13,reactivo,reactivo,0.0,0.0,False
HIMS_2025-01-31,0.5109,0.5109,3.35,3.35,reactivo,reactivo,0.0,0.0,False
MP_2025-02-01,,,1.49,1.49,atencion anticipa,atencion anticipa,,0.0,False
COST_2025-02-03,0.0477,0.0477,1.11,1.1,reactivo,reactivo,0.0,0.010000000000000009,False
ELF_2025-02-03,-0.1143,-0.1143,4.72,4.72,reactivo,reactivo,0.0,0.0,False
PLTR_2025-02-03,0.2587,0.2587,1.8,1.79,atencion anticipa,atencion anticipa,0.0,0.010000000000000009,False
GOOG_2025-02-04,0.025,0.025,1.87,1.85,sincronico,sincronico,0.0,0.020000000000000018,False
GOOGL_2025-02-04,0.0256,0.0256,1.29,1.29,sincronico,sincronico,0.0,0.0,False
UBER_2025-02-04,-0.0418,-0.0418,1.96,1.96,atencion anticipa,atencion anticipa,0.0,0.0,False
BB_2025-02-05,0.2684,0.2684,1.43,1.43,sincronico,sincronico,0.0,0.0,False
BBAI_2025-02-05,0.4481,0.4481,4.82,4.82,atencion anticipa,atencion anticipa,0.0,0.0,False
CYN_2025-02-05,1.2958,1.2958,45.44,45.42,reactivo,reactivo,0.0,0.01999999999999602,False
SMCI_2025-02-05,1.0662,1.0662,4.06,4.07,sincronico,sincronico,0.0,0.010000000000000675,False
BYD_2025-02-06,-0.1133,-0.1133,1.13,1.13,reactivo,reactivo,0.0,0.0,False
CELH_2025-02-07,0.1626,0.1626,2.51,2.49,sincronico,sincronico,0.0,0.019999999999999574,False
COIN_2025-02-12,0.1169,0.1169,1.87,1.87,sincronico,sincronico,0.0,0.0,False
HOOD_2025-02-12,0.0482,0.0482,2.54,2.54,atencion anticipa,atencion anticipa,0.0,0.0,False
MRNA_2025-02-13,0.0804,0.0804,1.33,1.33,atencion anticipa,atencion anticipa,0.0,0.0,False
CNSP_2025-02-14,0.2963,0.2987,19.27,19.19,atencion anticipa,atencion anticipa,0.0024000000000000132,0.0799999999999983,False
SOBR_2025-02-14,0.2252,0.2252,3.85,3.85,atencion anticipa,atencion anticipa,0.0,0.0,False
GME_2025-02-18,-0.0011,-0.0011,1.08,1.08,atencion anticipa,atencion anticipa,0.0,0.0,False
LUNR_2025-02-18,0.0331,0.0331,1.07,1.08,sincronico,sincronico,0.0,0.010000000000000009,False
RIVN_2025-02-18,-0.0299,-0.0299,1.87,1.87,reactivo,reactivo,0.0,0.0,False
WMT_2025-02-19,-0.0633,-0.0633,2.21,2.21,reactivo,reactivo,0.0,0.0,False
MTX_2025-02-25,-0.046,-0.046,1.06,1.06,reactivo,reactivo,0.0,0.0,False
STRA_2025-03-02,0.0348,0.0348,1.87,1.86,reactivo,reactivo,0.0,0.010000000000000009,False
CTM_2025-03-03,0.1574,0.1574,3.64,3.64,sincronico,sincronico,0.0,0.0,False
CBSH_2025-03-04,-0.0318,-0.0318,1.4,1.39,reactivo,reactivo,0.0,0.010000000000000009,False
SPSC_2025-03-04,0.0139,0.0139,0.7,0.7,sincronico,sincronico,0.0,0.0,False
RGTI_2025-03-05,0.0827,0.0827,0.94,0.93,atencion anticipa,atencion anticipa,0.0,0.009999999999999898,False
NFLX_2025-03-07,-0.0168,-0.0168,1.9,1.89,reactivo,reactivo,0.0,0.010000000000000009,False
TSLA_2025-03-10,-0.1222,-0.1222,1.61,1.61,atencion anticipa,atencion anticipa,0.0,0.0,False
ADBE_2025-03-12,0.0114,0.0114,2.93,2.93,reactivo,reactivo,0.0,0.0,False
QBTS_2025-03-13,0.744,0.744,3.01,3.01,atencion anticipa,atencion anticipa,0.0,0.0,False
NWTG_2025-03-17,-0.06,-0.06,5.6,5.6,reactivo,reactivo,0.0,0.0,False
CBSH_2025-03-20,-0.0144,-0.0144,2.46,2.47,atencion anticipa,atencion anticipa,0.0,0.010000000000000231,False
DASH_2025-03-20,-0.0002,-0.0002,4.7,4.73,atencion anticipa,atencion anticipa,0.0,0.03000000000000025,False
SPSC_2025-03-20,-0.003,-0.003,1.21,1.21,atencion anticipa,atencion anticipa,0.0,0.0,False
GME_2025-03-25,0.1074,0.1074,5.01,5.02,sincronico,sincronico,0.0,0.009999999999999787,False
GPI_2025-03-27,-0.041,-0.041,1.33,1.33,reactivo,reactivo,0.0,0.0,False
ASPC_2025-03-28,0.0,0.0,0.01,0.01,atencion anticipa,atencion anticipa,0.0,0.0,False
ATGL_2025-03-28,-0.1175,-0.1175,0.49,0.48,atencion anticipa,atencion anticipa,0.0,0.010000000000000009,False
WMT_2025-03-28,0.0464,0.0464,1.22,1.22,atencion anticipa,atencion anticipa,0.0,0.0,False
LHX_2025-03-29,,,1.4,1.4,atencion anticipa,atencion anticipa,,0.0,False
JPM_2025-03-31,0.0101,0.0101,1.3,1.3,reactivo,reactivo,0.0,0.0,False
BLK_2025-04-01,-0.1363,-0.1363,1.21,1.21,reactivo,reactivo,0.0,0.0,False
APLD_2025-04-02,-0.0706,-0.0706,1.7,1.7,sincronico,sincronico,0.0,0.0,False
NXPI_2025-04-02,-0.1116,-0.1116,1.84,1.84,reactivo,reactivo,0.0,0.0,False
NYC_2025-04-02,0.0079,0.0079,0.94,0.95,atencion anticipa,atencion anticipa,0.0,0.010000000000000009,False
AAPL_2025-04-03,-0.1118,-0.1118,2.43,2.43,reactivo,reactivo,0.0,0.0,False
ACIU_2025-04-03,-0.1862,-0.1862,0.92,0.92,reactivo,reactivo,0.0,0.0,False
CNL_2025-04-03,0.0154,0.0154,1.35,1.35,atencion anticipa,atencion anticipa,0.0,0.0,False
DOW_2025-04-03,-0.1917,-0.1917,2.5,2.5,reactivo,reactivo,0.0,0.0,False
MP_2025-04-03,-0.0537,-0.0537,3.28,3.28,atencion anticipa,atencion anticipa,0.0,0.0,False
MSFT_2025-04-03,-0.0236,-0.0236,1.88,1.88,atencion anticipa,atencion anticipa,0.0,0.0,False
OBK_2025-04-03,-0.093,-0.093,1.55,1.55,reactivo,reactivo,0.0,0.0,False
ON_2025-04-03,-0.1394,-0.1395,1.89,1.88,reactivo,reactivo,0.00010000000000001674,0.010000000000000009,False
PB_2025-04-03,-0.1054,-0.1054,1.27,1.27,reactivo,reactivo,0.0,0.0,False
PENG_2025-04-03,-0.0482,-0.0482,2.31,2.31,reactivo,reactivo,0.0,0.0,False
UPC_2025-04-03,0.0842,0.0842,6.04,0.58,atencion anticipa,atencion anticipa,0.0,5.46,False
VS_2025-04-03,-0.1408,-0.1408,1.27,1.27,atencion anticipa,atencion anticipa,0.0,0.0,False
WNEB_2025-04-03,-0.0989,-0.0989,1.07,1.06,reactivo,reactivo,0.0,0.010000000000000009,False
BABA_2025-04-07,-0.1009,-0.1009,1.97,1.97,reactivo,reactivo,0.0,0.0,False
MTX_2025-04-07,0.0178,0.0178,1.0,1.0,reactivo,reactivo,0.0,0.0,False
SXTP_2025-04-07,0.6215,0.6215,269.77,271.14,atencion anticipa,atencion anticipa,0.0,1.3700000000000045,False
WAT_2025-04-07,0.0357,0.0357,1.23,1.23,reactivo,reactivo,0.0,0.0,False
GXO_2025-04-08,0.0413,0.0413,0.83,0.83,atencion anticipa,atencion anticipa,0.0,0.0,False
SUNE_2025-04-08,-0.2,-0.18,6.85,6.81,reactivo,atencion anticipa,0.020000000000000018,0.040000000000000036,True
DJT_2025-04-09,0.2167,0.2167,2.31,2.31,sincronico,sincronico,0.0,0.0,False
FRGT_2025-04-09,1.7013,1.7013,170.89,171.09,sincronico,sincronico,0.0,0.20000000000001705,False
MKSI_2025-04-09,0.2453,0.2453,1.22,1.22,atencion anticipa,atencion anticipa,0.0,0.0,False
STRA_2025-04-09,0.0564,0.0564,1.28,1.28,sincronico,sincronico,0.0,0.0,False
BULL_2025-04-10,4.4983,4.4983,121.29,121.29,sincronico,sincronico,0.0,0.0,False
GOLD_2025-04-11,0.078,0.0733,0.9,1.12,atencion anticipa,sincronico,0.004699999999999996,0.22000000000000008,True
BA_2025-04-15,-0.0236,-0.0236,0.91,0.91,atencion anticipa,atencion anticipa,0.0,0.0,False
NFLX_2025-04-15,0.0448,0.0448,1.64,1.63,atencion anticipa,atencion anticipa,0.0,0.010000000000000009,False
NVDA_2025-04-15,-0.0562,-0.0562,0.94,0.94,sincronico,sincronico,0.0,0.0,False
HTZ_2025-04-16,1.2575,1.2575,12.52,12.53,atencion anticipa,atencion anticipa,0.0,0.009999999999999787,False
LLY_2025-04-17,0.0281,0.0281,1.43,1.43,reactivo,reactivo,0.0,0.0,False
ASTS_2025-04-20,,,1.02,1.03,atencion anticipa,atencion anticipa,,0.010000000000000009,False
TSLA_2025-04-22,0.046,0.046,0.91,0.91,atencion anticipa,atencion anticipa,0.0,0.0,False
GOOG_2025-04-24,0.0238,0.0238,0.96,0.96,atencion anticipa,atencion anticipa,0.0,0.0,False
AMZN_2025-04-29,0.0133,0.0133,0.97,0.97,sincronico,sincronico,0.0,0.0,False
HIMS_2025-04-29,0.737,0.737,3.46,3.46,atencion anticipa,atencion anticipa,0.0,0.0,False
META_2025-04-29,-0.0013,-0.0013,1.12,1.12,atencion anticipa,atencion anticipa,0.0,0.0,False
KIDZ_2025-05-01,5.2435,5.2435,78.26,78.26,sincronico,sincronico,0.0,0.0,False
PLTR_2025-05-02,0.0651,0.0651,1.29,1.29,reactivo,reactivo,0.0,0.0,False
CVNA_2025-05-07,0.0014,0.0014,1.3,1.3,atencion anticipa,atencion anticipa,0.0,0.0,False
GOOG_2025-05-07,-0.0751,-0.0751,1.61,1.61,atencion anticipa,atencion anticipa,0.0,0.0,False
NBIS_2025-05-07,0.5631,0.5631,2.22,2.22,sincronico,sincronico,0.0,0.0,False
COIN_2025-05-08,0.2436,0.2436,3.94,3.93,sincronico,sincronico,0.0,0.009999999999999787,False
KULR_2025-05-13,0.0662,0.0662,1.88,1.88,sincronico,sincronico,0.0,0.0,False
UNH_2025-05-13,-0.2756,-0.2756,6.72,6.72,reactivo,reactivo,0.0,0.0,False
CRWV_2025-05-14,1.5782,1.5782,5.0,5.0,sincronico,sincronico,0.0,0.0,False
WMT_2025-05-15,0.0146,0.0146,2.29,2.29,sincronico,sincronico,0.0,0.0,False
MCO_2025-05-16,0.0032,0.0032,0.69,0.69,atencion anticipa,atencion anticipa,0.0,0.0,False
QUBT_2025-05-16,1.053,1.053,4.02,4.02,atencion anticipa,atencion anticipa,0.0,0.0,False
QBTS_2025-05-20,0.2593,0.2593,3.38,3.38,atencion anticipa,atencion anticipa,0.0,0.0,False
BULL_2025-05-22,0.0723,0.0723,1.27,1.27,sincronico,sincronico,0.0,0.0,False
BYD_2025-05-26,0.0315,0.0315,0.94,0.94,sincronico,sincronico,0.0,0.0,False
RKLB_2025-05-27,0.166,0.166,1.5,1.51,sincronico,sincronico,0.0,0.010000000000000009,False
AVGO_2025-05-28,0.103,0.103,1.58,1.57,sincronico,sincronico,0.0,0.010000000000000009,False
APLD_2025-06-02,0.94,0.94,4.97,4.96,atencion anticipa,atencion anticipa,0.0,0.009999999999999787,False
LULU_2025-06-03,0.0242,0.0242,3.85,3.88,sincronico,sincronico,0.0,0.029999999999999805,False
ASTS_2025-06-04,1.1136,1.1136,1.93,1.93,sincronico,sincronico,0.0,0.0,False
TSLA_2025-06-05,-0.1426,-0.1426,1.68,1.69,reactivo,reactivo,0.0,0.010000000000000009,False
HOOD_2025-06-06,0.0327,0.0327,1.16,1.16,atencion anticipa,atencion anticipa,0.0,0.0,False
ICE_2025-06-08,0.0248,0.0248,0.73,0.73,reactivo,reactivo,0.0,0.0,False
ADBE_2025-06-10,-0.0062,-0.0062,2.07,2.07,reactivo,reactivo,0.0,0.0,False
INTC_2025-06-10,0.0781,0.0781,1.53,1.53,sincronico,sincronico,0.0,0.0,False
NCNA_2025-06-10,1.1711,1.1654,5.29,5.3,sincronico,sincronico,0.005700000000000038,0.009999999999999787,False
HCTI_2025-06-11,3.2857,3.1667,4.39,4.4,sincronico,sincronico,0.11899999999999977,0.010000000000000675,False
ORCL_2025-06-11,0.2126,0.2126,4.36,4.36,sincronico,sincronico,0.0,0.0,False
TMC_2025-06-11,0.592,0.592,1.88,1.88,atencion anticipa,atencion anticipa,0.0,0.0,False
LMT_2025-06-13,0.0366,0.0366,1.74,1.74,sincronico,sincronico,0.0,0.0,False
AMD_2025-06-16,0.0881,0.0881,1.85,1.85,atencion anticipa,atencion anticipa,0.0,0.0,False
COIN_2025-06-18,0.1632,0.1632,2.75,2.75,atencion anticipa,atencion anticipa,0.0,0.0,False
GOOG_2025-06-23,0.0576,0.0576,1.45,1.45,atencion anticipa,atencion anticipa,0.0,0.0,False
BBAI_2025-06-24,0.6962,0.6962,1.21,1.21,reactivo,reactivo,0.0,0.0,False
HOOD_2025-06-30,0.1277,0.1277,2.55,2.55,atencion anticipa,atencion anticipa,0.0,0.0,False
SOFI_2025-06-30,0.1612,0.1612,1.12,1.12,atencion anticipa,atencion anticipa,0.0,0.0,False
BURU_2025-07-01,-0.1,-0.0998,0.26,0.26,reactivo,reactivo,0.00020000000000000573,0.0,False
IXHL_2025-07-10,6.3756,6.3789,5.91,5.92,sincronico,sincronico,0.0032999999999994145,0.009999999999999787,False
MP_2025-07-10,0.5062,0.5062,2.01,2.01,atencion anticipa,atencion anticipa,0.0,0.0,False
NBIS_2025-07-14,0.1727,0.1727,1.11,1.12,atencion anticipa,atencion anticipa,0.0,0.010000000000000009,False
OPEN_2025-07-14,3.1207,3.1207,6.47,6.47,sincronico,sincronico,0.0,0.0,False
RKLB_2025-07-14,0.3151,0.3151,1.13,1.13,sincronico,sincronico,0.0,0.0,False
CTM_2025-07-15,0.0079,0.0079,1.61,1.61,reactivo,reactivo,0.0,0.0,False
NVDA_2025-07-15,0.0404,0.0404,1.0,1.0,atencion anticipa,atencion anticipa,0.0,0.0,False
PEW_2025-07-15,-0.2264,-0.2264,5.32,5.32,sincronico,sincronico,0.0,0.0,False
UUUU_2025-07-15,0.3809,0.3809,1.21,1.21,reactivo,reactivo,0.0,0.0,False
ABAT_2025-07-17,0.1292,0.1292,4.29,4.28,atencion anticipa,atencion anticipa,0.0,0.009999999999999787,False
CVNA_2025-07-17,-0.0287,-0.0287,0.86,0.86,reactivo,reactivo,0.0,0.0,False
LCID_2025-07-17,0.345,0.345,2.85,2.85,sincronico,sincronico,0.0,0.0,False
AIRE_2025-07-21,3.4737,3.4721,30.15,30.35,sincronico,sincronico,0.0015999999999998238,0.20000000000000284,False
CLOV_2025-07-21,0.1599,0.1599,1.07,1.07,sincronico,sincronico,0.0,0.0,False
KSS_2025-07-21,0.4969,0.4969,11.88,11.88,sincronico,sincronico,0.0,0.0,False
OPTT_2025-07-21,0.0417,0.0481,2.4,2.4,reactivo,sincronico,0.006399999999999996,0.0,True
PUMP_2025-07-21,0.0776,0.0776,1.48,1.48,atencion anticipa,atencion anticipa,0.0,0.0,False
RAYA_2025-07-21,-0.9415,-0.9415,64.15,64.35,reactivo,reactivo,0.0,0.19999999999998863,False
RKT_2025-07-21,0.1587,0.1587,3.45,3.45,sincronico,sincronico,0.0,0.0,False
WEN_2025-07-21,0.0812,0.0812,1.37,1.37,sincronico,sincronico,0.0,0.0,False
GLXY_2025-07-22,0.1304,0.1304,1.37,1.37,sincronico,sincronico,0.0,0.0,False
NCNA_2025-07-22,0.0392,0.0392,1.04,0.94,atencion anticipa,atencion anticipa,0.0,0.10000000000000009,False
AVGO_2025-07-23,0.0183,0.0183,0.94,0.94,atencion anticipa,atencion anticipa,0.0,0.0,False
GOOGL_2025-07-23,-0.0058,-0.0058,1.17,1.17,atencion anticipa,atencion anticipa,0.0,0.0,False
HCTI_2025-07-23,1.8421,1.8579,9.76,9.74,sincronico,sincronico,0.015800000000000036,0.019999999999999574,False
APLD_2025-07-24,0.2022,0.2022,1.29,1.29,atencion anticipa,atencion anticipa,0.0,0.0,False
OKLO_2025-07-24,0.073,0.073,1.13,1.13,reactivo,reactivo,0.0,0.0,False
UNH_2025-07-24,-0.1075,-0.1075,2.05,2.05,reactivo,reactivo,0.0,0.0,False
BMNR_2025-07-25,-0.0467,-0.0467,1.53,1.53,sincronico,sincronico,0.0,0.0,False
MBOT_2025-07-26,,,1.37,1.37,atencion anticipa,atencion anticipa,,0.0,False
NVNI_2025-07-27,0.5357,0.5334,29.65,29.58,sincronico,sincronico,0.0022999999999999687,0.07000000000000028,False
SMCI_2025-07-28,0.0512,0.0512,1.74,1.73,reactivo,reactivo,0.0,0.010000000000000009,False
AMD_2025-07-29,0.0037,0.0037,1.69,1.69,atencion anticipa,atencion anticipa,0.0,0.0,False
GME_2025-07-29,-0.0187,-0.0187,1.01,1.01,reactivo,reactivo,0.0,0.0,False
LLY_2025-07-29,-0.207,-0.207,2.85,2.85,reactivo,reactivo,0.0,0.0,False
NVO_2025-07-29,-0.2183,-0.2183,5.94,5.94,reactivo,reactivo,0.0,0.0,False
MSFT_2025-07-30,0.0013,0.0013,2.16,2.15,atencion anticipa,atencion anticipa,0.0,0.010000000000000231,False
PANW_2025-07-30,-0.0912,-0.0912,3.2,3.19,reactivo,reactivo,0.0,0.010000000000000231,False
AAPL_2025-07-31,0.0201,0.0201,1.85,1.84,atencion anticipa,atencion anticipa,0.0,0.010000000000000009,False
AMZN_2025-07-31,0.017,0.017,2.3,2.29,sincronico,sincronico,0.0,0.009999999999999787,False
COIN_2025-07-31,0.0007,0.0007,1.19,1.21,reactivo,reactivo,0.0,0.020000000000000018,False
BTAI_2025-08-04,0.854,0.854,5.89,5.89,atencion anticipa,atencion anticipa,0.0,0.0,False
PLTR_2025-08-04,0.0414,0.0414,1.41,1.4,atencion anticipa,atencion anticipa,0.0,0.010000000000000009,False
ONDS_2025-08-06,0.3974,0.3974,2.13,2.13,atencion anticipa,atencion anticipa,0.0,0.0,False
INTC_2025-08-07,-0.0314,-0.0314,2.01,2.0,atencion anticipa,atencion anticipa,0.0,0.009999999999999787,False
NBIS_2025-08-07,0.1855,0.1855,2.11,2.1,atencion anticipa,atencion anticipa,0.0,0.009999999999999787,False
CGTX_2025-08-12,2.702,2.7033,3.64,3.74,sincronico,sincronico,0.0013000000000000789,0.10000000000000009,False
CRWV_2025-08-12,-0.2881,-0.2881,3.07,3.07,reactivo,reactivo,0.0,0.0,False
JACS_2025-08-18,0.0019,0.0019,8.11,8.11,reactivo,reactivo,0.0,0.0,False
JXN_2025-08-18,0.0427,0.0427,0.83,0.83,atencion anticipa,atencion anticipa,0.0,0.0,False
RBLX_2025-08-18,0.0222,0.0222,1.11,1.11,reactivo,reactivo,0.0,0.0,False
WMT_2025-08-20,-0.0329,-0.0329,2.35,2.35,sincronico,sincronico,0.0,0.0,False
CBRL_2025-08-21,0.0561,0.0561,4.7,4.7,sincronico,sincronico,0.0,0.0,False
NVDA_2025-08-27,-0.0009,-0.0009,1.58,1.57,sincronico,sincronico,0.0,0.010000000000000009,False
IREN_2025-08-28,1.7591,1.7591,2.03,2.03,atencion anticipa,atencion anticipa,0.0,0.0,False
AVGO_2025-09-02,0.1261,0.1261,2.1,2.09,atencion anticipa,atencion anticipa,0.0,0.010000000000000231,False
GOOG_2025-09-02,0.0823,0.0823,1.82,1.82,atencion anticipa,atencion anticipa,0.0,0.0,False
GOOGL_2025-09-02,0.0834,0.0834,1.25,1.25,atencion anticipa,atencion anticipa,0.0,0.0,False
LDI_2025-09-08,0.5779,0.5779,6.83,6.83,sincronico,sincronico,0.0,0.0,False
NBIS_2025-09-08,0.462,0.462,4.95,4.93,sincronico,sincronico,0.0,0.020000000000000462,False
ORCL_2025-09-08,0.4104,0.4104,6.19,6.19,sincronico,sincronico,0.0,0.0,False
AAPL_2025-09-09,-0.0148,-0.0148,1.41,1.41,reactivo,reactivo,0.0,0.0,False
ASST_2025-09-09,0.5178,0.5178,4.9,4.88,sincronico,sincronico,0.0,0.020000000000000462,False
GME_2025-09-09,0.0495,0.0495,2.4,2.4,atencion anticipa,atencion anticipa,0.0,0.0,False
RZLV_2025-09-09,0.0952,0.0952,2.46,2.45,reactivo,reactivo,0.0,0.009999999999999787,False
AIRE_2025-09-10,1.9,1.9,8.93,8.91,sincronico,sincronico,0.0,0.019999999999999574,False
HOOD_2025-09-10,-0.0088,-0.0088,0.97,0.97,atencion anticipa,atencion anticipa,0.0,0.0,False
RDDT_2025-09-10,-0.1796,-0.1796,0.94,0.94,reactivo,reactivo,0.0,0.0,False
ATCH_2025-09-11,4.6796,4.6686,22.6,22.58,sincronico,sincronico,0.01100000000000012,0.020000000000003126,False
NFLX_2025-09-11,-0.0051,-0.0051,1.45,1.45,reactivo,reactivo,0.0,0.0,False
OPEN_2025-09-11,0.7952,0.7952,1.5,1.5,sincronico,sincronico,0.0,0.0,False
TSLA_2025-09-12,0.1118,0.1118,1.41,1.41,atencion anticipa,atencion anticipa,0.0,0.0,False
GPUS_2025-09-15,0.2162,0.2162,41.99,41.99,reactivo,atencion anticipa,0.0,0.0,True
OKLO_2025-09-15,0.635,0.635,2.56,2.56,atencion anticipa,atencion anticipa,0.0,0.0,False
BBAI_2025-09-16,0.5697,0.5697,3.07,3.07,sincronico,sincronico,0.0,0.0,False
DVLT_2025-09-16,0.3636,0.3488,28.14,28.17,atencion anticipa,atencion anticipa,0.01479999999999998,0.030000000000001137,False
NUAI_2025-09-17,2.9149,2.9149,11.15,11.15,atencion anticipa,atencion anticipa,0.0,0.0,False
NVNI_2025-09-17,0.2576,0.2576,9.02,9.01,reactivo,atencion anticipa,0.0,0.009999999999999787,True
QBTS_2025-09-17,0.6365,0.6365,2.27,2.27,reactivo,reactivo,0.0,0.0,False
SNAP_2025-09-17,0.1021,0.1021,2.34,2.34,sincronico,sincronico,0.0,0.0,False
CYCU_2025-09-18,1.467,1.467,1.62,1.62,sincronico,sincronico,0.0,0.0,False
STRA_2025-09-18,-0.0271,-0.0271,0.97,0.97,reactivo,reactivo,0.0,0.0,False
GAP_2025-09-19,-0.033,-0.033,0.7,0.7,atencion anticipa,atencion anticipa,0.0,0.0,False
QUBT_2025-09-19,-0.1313,-0.1313,2.84,2.84,reactivo,reactivo,0.0,0.0,False
YAAS_2025-09-19,0.3947,0.4066,11.81,11.85,sincronico,atencion anticipa,0.011900000000000022,0.03999999999999915,True
KVUE_2025-09-22,-0.0747,-0.0747,2.19,2.19,reactivo,reactivo,0.0,0.0,False
PLUG_2025-09-22,0.7477,0.7477,3.47,3.47,atencion anticipa,atencion anticipa,0.0,0.0,False
LAC_2025-09-23,0.8212,0.8212,21.8,21.8,atencion anticipa,atencion anticipa,0.0,0.0,False
SLI_2025-09-23,0.0984,0.0984,3.74,3.74,atencion anticipa,atencion anticipa,0.0,0.0,False
ABAT_2025-09-24,1.1671,1.1671,4.25,4.25,sincronico,sincronico,0.0,0.0,False
DFLI_2025-09-24,1.2699,1.2699,35.07,35.13,atencion anticipa,atencion anticipa,0.0,0.060000000000002274,False
MTX_2025-09-24,-0.0383,-0.0383,0.71,0.71,reactivo,reactivo,0.0,0.0,False
UUUU_2025-09-24,0.5735,0.5735,2.29,2.29,sincronico,sincronico,0.0,0.0,False
CIFR_2025-09-25,-0.1754,-0.1754,1.62,1.62,atencion anticipa,atencion anticipa,0.0,0.0,False
IBM_2025-09-25,0.052,0.052,1.29,1.29,atencion anticipa,atencion anticipa,0.0,0.0,False
PSTV_2025-09-25,1.225,1.2006,13.71,13.68,sincronico,sincronico,0.0244000000000002,0.030000000000001137,False
ROAD_2025-09-26,-0.0933,-0.0933,0.93,0.93,reactivo,reactivo,0.0,0.0,False
BURU_2025-09-29,0.7984,0.7992,12.23,12.23,atencion anticipa,atencion anticipa,0.0008000000000000229,0.0,False
TCBI_2025-10-01,0.0022,0.0022,1.33,1.33,atencion anticipa,atencion anticipa,0.0,0.0,False
FEMY_2025-10-02,1.2373,1.2355,11.07,11.1,sincronico,sincronico,0.0018000000000000238,0.02999999999999936,False
ONDS_2025-10-02,0.4583,0.4583,1.26,1.26,atencion anticipa,atencion anticipa,0.0,0.0,False
USAR_2025-10-02,1.101,1.101,5.57,5.57,sincronico,sincronico,0.0,0.0,False
MOBX_2025-10-03,0.2249,0.2248,6.9,6.92,sincronico,sincronico,9.999999999998899e-05,0.019999999999999574,False
PLTR_2025-10-03,-0.0747,-0.0747,1.0,1.0,sincronico,sincronico,0.0,0.0,False
AMD_2025-10-06,0.2371,0.2371,4.0,3.98,atencion anticipa,atencion anticipa,0.0,0.020000000000000018,False
CRML_2025-10-06,0.4524,0.4524,13.26,13.24,atencion anticipa,atencion anticipa,0.0,0.019999999999999574,False
PYPL_2025-10-06,0.0085,0.0085,1.4,1.41,reactivo,reactivo,0.0,0.010000000000000009,False
PCSA_2025-10-07,0.7168,0.7165,25.42,25.38,sincronico,sincronico,0.00029999999999996696,0.0400000000000027,False
POET_2025-10-07,0.4451,0.4451,12.32,12.2,sincronico,sincronico,0.0,0.120000000000001,False
SCWO_2025-10-07,0.8182,0.8152,110.15,108.22,sincronico,sincronico,0.0030000000000000027,1.9300000000000068,False
UAMY_2025-10-07,1.0655,1.0655,2.83,2.83,sincronico,sincronico,0.0,0.0,False
ASTS_2025-10-08,0.0863,0.0863,1.48,1.48,atencion anticipa,atencion anticipa,0.0,0.0,False
BULL_2025-10-08,-0.0109,-0.0109,3.96,3.96,reactivo,reactivo,0.0,0.0,False
GOLD_2025-10-08,0.0739,0.0033,0.76,0.66,sincronico,sincronico,0.0706,0.09999999999999998,False
PATH_2025-10-08,0.249,0.249,3.15,3.15,sincronico,sincronico,0.0,0.0,False
RKLB_2025-10-08,0.0447,0.0447,1.21,1.21,atencion anticipa,atencion anticipa,0.0,0.0,False
YYAI_2025-10-08,0.0722,0.0722,32.67,32.83,reactivo,reactivo,0.0,0.1599999999999966,False
MP_2025-10-10,0.0837,0.0837,2.72,2.72,atencion anticipa,atencion anticipa,0.0,0.0,False
WWR_2025-10-13,0.7576,0.7576,3.75,3.75,sincronico,sincronico,0.0,0.0,False
BYND_2025-10-14,2.4589,2.4589,58.56,59.08,sincronico,sincronico,0.0,0.519999999999996,False
HOOD_2025-10-20,0.0453,0.0453,0.89,0.89,atencion anticipa,atencion anticipa,0.0,0.0,False
AIRE_2025-10-21,0.5831,0.5826,15.3,15.32,sincronico,sincronico,0.0004999999999999449,0.019999999999999574,False
DNUT_2025-10-21,0.2362,0.2362,15.79,15.82,atencion anticipa,atencion anticipa,0.0,0.030000000000001137,False
GOOG_2025-10-21,0.0706,0.0706,1.35,1.35,atencion anticipa,atencion anticipa,0.0,0.0,False
NOK_2025-10-23,0.4,0.4,3.85,3.85,sincronico,sincronico,0.0,0.0,False
ASST_2025-10-24,0.8981,0.8977,21.74,21.93,sincronico,sincronico,0.00039999999999995595,0.19000000000000128,False
FGL_2025-10-28,0.4687,0.4669,7.9,7.95,sincronico,sincronico,0.0018000000000000238,0.04999999999999982,False
MSAI_2025-10-28,1.026,1.0257,12.44,12.43,atencion anticipa,atencion anticipa,0.00029999999999996696,0.009999999999999787,False
MSFT_2025-10-28,0.0189,0.0189,1.66,1.65,sincronico,sincronico,0.0,0.010000000000000009,False
NVDA_2025-10-28,-0.026,-0.026,1.37,1.36,reactivo,reactivo,0.0,0.010000000000000009,False
UNH_2025-10-28,0.0051,0.0051,1.59,1.59,sincronico,sincronico,0.0,0.0,False
GOOGL_2025-10-29,0.0265,0.0265,1.81,1.81,atencion anticipa,atencion anticipa,0.0,0.0,False
META_2025-10-29,-0.1131,-0.1131,2.33,2.32,sincronico,sincronico,0.0,0.010000000000000231,False
DASH_2025-10-30,-0.0439,-0.0439,2.43,2.39,reactivo,reactivo,0.0,0.040000000000000036,False
MSTR_2025-10-30,-0.3775,-0.3775,1.69,1.68,reactivo,reactivo,0.0,0.010000000000000009,False
SNAP_2025-10-31,-0.0395,-0.0395,1.15,1.15,atencion anticipa,atencion anticipa,0.0,0.0,False
PLTR_2025-11-03,-0.0485,-0.0485,2.07,2.06,sincronico,sincronico,0.0,0.009999999999999787,False
PFE_2025-11-04,-0.0146,-0.0146,1.63,1.63,atencion anticipa,atencion anticipa,0.0,0.0,False
Z_2025-11-04,-0.022,-0.022,1.04,1.05,reactivo,reactivo,0.0,0.010000000000000009,False
ZG_2025-11-04,-0.0213,-0.0213,1.22,1.23,atencion anticipa,atencion anticipa,0.0,0.010000000000000009,False
DUOL_2025-11-05,-0.2606,-0.2606,5.27,5.15,reactivo,reactivo,0.0,0.11999999999999922,False
NVO_2025-11-05,-0.0361,-0.0361,2.38,2.38,atencion anticipa,atencion anticipa,0.0,0.0,False
CRWV_2025-11-10,-0.1502,-0.1502,2.34,2.34,reactivo,reactivo,0.0,0.0,False
NBIS_2025-11-11,-0.0703,-0.0703,2.36,2.32,reactivo,reactivo,0.0,0.040000000000000036,False
BMNR_2025-11-17,-0.2442,-0.2442,1.6,1.6,reactivo,reactivo,0.0,0.0,False
AVGO_2025-11-24,0.1945,0.1945,1.85,1.84,sincronico,sincronico,0.0,0.010000000000000009,False
INTC_2025-11-28,0.1019,0.1019,1.36,1.36,atencion anticipa,atencion anticipa,0.0,0.0,False
SMX_2025-11-28,18.0793,18.0793,1.04,1.05,sincronico,sincronico,0.0,0.010000000000000009,False
ADBE_2025-12-04,0.05,0.05,1.77,1.76,atencion anticipa,atencion anticipa,0.0,0.010000000000000009,False
ASTS_2025-12-04,0.1825,0.1825,1.6,1.6,atencion anticipa,atencion anticipa,0.0,0.0,False
CVNA_2025-12-05,0.1232,0.1232,2.12,2.12,atencion anticipa,atencion anticipa,0.0,0.0,False
NFLX_2025-12-05,-0.0289,-0.0289,2.41,3.7,reactivo,reactivo,0.0,1.29,False
WBD_2025-12-05,0.0628,0.0628,3.77,3.67,atencion anticipa,atencion anticipa,0.0,0.10000000000000009,False
FLWS_2025-12-09,0.328,0.328,4.29,4.3,sincronico,sincronico,0.0,0.009999999999999787,False
LULU_2025-12-10,0.0259,0.0259,3.46,3.45,atencion anticipa,atencion anticipa,0.0,0.009999999999999787,False
ORCL_2025-12-10,-0.1024,-0.1024,2.3,2.3,sincronico,sincronico,0.0,0.0,False
RKLB_2025-12-11,0.3482,0.3482,1.64,1.64,sincronico,sincronico,0.0,0.0,False
TLRY_2025-12-12,0.4413,0.4413,8.41,1.51,atencion anticipa,atencion anticipa,0.0,6.9,False
TSLA_2025-12-15,0.0674,0.0674,1.36,1.36,sincronico,sincronico,0.0,0.0,False
MU_2025-12-17,-0.0301,-0.0301,1.39,1.4,atencion anticipa,atencion anticipa,0.0,0.010000000000000009,False
ASTS_2025-12-24,0.3513,0.3513,1.43,1.46,atencion anticipa,atencion anticipa,0.0,0.030000000000000027,False
SLS_2025-12-29,0.7422,0.7422,3.65,3.67,sincronico,sincronico,0.0,0.020000000000000018,False
ONDS_2025-12-31,0.5584,0.5584,1.49,1.5,sincronico,sincronico,0.0,0.010000000000000009,False
PLTR_2026-01-02,-0.1687,-0.1687,1.42,1.43,reactivo,reactivo,0.0,0.010000000000000009,False
SNDK_2026-01-02,1.4275,1.4275,2.54,2.54,atencion anticipa,atencion anticipa,0.0,0.0,False
TSM_2026-01-02,0.1242,0.1242,1.58,1.58,sincronico,sincronico,0.0,0.0,False
NOEM_2026-01-03,,,2.34,2.34,atencion anticipa,atencion anticipa,,0.0,False
STRA_2026-01-03,0.0659,0.0659,1.21,1.21,atencion anticipa,atencion anticipa,0.0,0.0,False
UEC_2026-01-03,0.3997,0.3997,1.13,1.13,atencion anticipa,atencion anticipa,0.0,0.0,False
MTX_2026-01-04,0.0976,0.0976,0.96,0.96,atencion anticipa,atencion anticipa,0.0,0.0,False
OKLO_2026-01-05,0.3536,0.3536,2.15,2.15,sincronico,sincronico,0.0,0.0,False
RDW_2026-01-05,0.5725,0.5725,2.19,2.19,sincronico,sincronico,0.0,0.0,False
UUUU_2026-01-05,0.6619,0.6619,2.27,2.27,sincronico,sincronico,0.0,0.0,False
AAPL_2026-01-06,-0.0336,-0.0336,1.38,1.4,atencion anticipa,atencion anticipa,0.0,0.020000000000000018,False
AMD_2026-01-06,-0.0945,-0.0945,1.61,1.63,reactivo,reactivo,0.0,0.019999999999999796,False
SOFI_2026-01-06,-0.0786,-0.0786,1.22,1.24,sincronico,sincronico,0.0,0.020000000000000018,False
APLD_2026-01-07,-0.0231,-0.0231,2.81,2.84,atencion anticipa,atencion anticipa,0.0,0.029999999999999805,False
ICE_2026-01-07,0.0417,0.0417,1.18,1.18,atencion anticipa,atencion anticipa,0.0,0.0,False
INTC_2026-01-07,0.3566,0.3566,2.45,2.47,sincronico,sincronico,0.0,0.020000000000000018,False
META_2026-01-12,0.024,0.024,1.47,1.48,sincronico,sincronico,0.0,0.010000000000000009,False
PYPL_2026-01-12,-0.2768,-0.2768,1.75,1.76,reactivo,reactivo,0.0,0.010000000000000009,False
ADBE_2026-01-13,-0.0541,-0.0541,1.79,1.8,reactivo,reactivo,0.0,0.010000000000000009,False
JPM_2026-01-13,-0.0419,-0.0419,1.38,1.38,reactivo,reactivo,0.0,0.0,False
IBRX_2026-01-14,0.9574,0.9574,7.66,7.68,atencion anticipa,atencion anticipa,0.0,0.019999999999999574,False
POET_2026-01-14,0.1331,0.1331,2.17,2.18,atencion anticipa,atencion anticipa,0.0,0.010000000000000231,False
NFLX_2026-01-20,-0.0084,-0.0084,2.6,2.61,reactivo,reactivo,0.0,0.009999999999999787,False
EXE_2026-01-21,0.0453,0.0453,1.0,1.0,atencion anticipa,atencion anticipa,0.0,0.0,False
MSFT_2026-01-21,-0.0462,-0.0462,2.39,2.39,sincronico,sincronico,0.0,0.0,False
BNAI_2026-01-23,6.1686,6.1686,0.96,0.97,atencion anticipa,atencion anticipa,0.0,0.010000000000000009,False
GME_2026-01-26,0.0666,0.0666,2.21,2.21,sincronico,sincronico,0.0,0.0,False
RDDT_2026-01-27,-0.3455,-0.3455,2.08,2.08,reactivo,reactivo,0.0,0.0,False
TSLA_2026-01-28,-0.0333,-0.0333,1.12,1.12,reactivo,reactivo,0.0,0.0,False
WDC_2026-01-28,0.1019,0.1019,2.01,2.01,atencion anticipa,atencion anticipa,0.0,0.0,False
BULL_2026-01-29,-0.038,-0.038,1.12,1.12,reactivo,reactivo,0.0,0.0,False
GTES_2026-01-29,0.0026,0.0026,1.56,1.56,atencion anticipa,atencion anticipa,0.0,0.0,False
ORCL_2026-01-29,-0.0737,-0.0737,1.86,1.86,reactivo,reactivo,0.0,0.0,False
APP_2026-01-30,-0.1975,-0.1975,2.0,2.0,reactivo,reactivo,0.0,0.0,False
UPC_2026-01-30,-0.0433,-0.0433,0.94,0.94,reactivo,reactivo,0.0,0.0,False
WEN_2026-01-30,0.0078,0.0078,1.65,1.65,atencion anticipa,atencion anticipa,0.0,0.0,False
MSTR_2026-01-31,-0.2854,-0.2854,1.78,1.78,reactivo,reactivo,0.0,0.0,False
HOOD_2026-02-02,-0.1395,-0.1395,2.46,2.46,reactivo,reactivo,0.0,0.0,False
SMCI_2026-02-02,0.0192,0.0192,1.91,1.91,atencion anticipa,atencion anticipa,0.0,0.0,False
CRM_2026-02-03,-0.0904,-0.0904,1.7,1.7,reactivo,reactivo,0.0,0.0,False
GOOG_2026-02-03,-0.0335,-0.0335,1.78,1.78,reactivo,reactivo,0.0,0.0,False
WMT_2026-02-03,0.0065,0.0065,0.61,0.61,reactivo,reactivo,0.0,0.0,False
AVGO_2026-02-04,-0.0383,-0.0383,1.53,1.53,atencion anticipa,atencion anticipa,0.0,0.0,False
GOOGL_2026-02-04,-0.0196,-0.0196,1.81,1.81,reactivo,reactivo,0.0,0.0,False
COIN_2026-02-05,-0.1633,-0.1633,1.98,1.98,reactivo,reactivo,0.0,0.0,False
HIMS_2026-02-05,-0.2078,-0.2078,4.38,4.38,reactivo,reactivo,0.0,0.0,False
DOW_2026-02-06,0.067,0.067,0.82,0.82,sincronico,sincronico,0.0,0.0,False
WBD_2026-02-17,0.0064,0.0064,1.19,1.19,reactivo,reactivo,0.0,0.0,False
NVO_2026-02-23,-0.1643,-0.1643,2.96,2.96,reactivo,reactivo,0.0,0.0,False
NVDA_2026-02-25,0.0141,0.0141,1.8,1.8,sincronico,sincronico,0.0,0.0,False
RBNE_2026-02-26,-0.1005,-0.1005,10.73,10.73,reactivo,reactivo,0.0,0.0,False
YCY_2026-02-28,-0.005,-0.005,0.02,0.02,reactivo,reactivo,0.0,0.0,False
EONR_2026-03-02,0.8519,0.8519,91.08,91.08,atencion anticipa,atencion anticipa,0.0,0.0,False
LNG_2026-03-02,0.1957,0.1957,2.23,2.23,atencion anticipa,atencion anticipa,0.0,0.0,False
TPET_2026-03-02,3.6429,3.6429,108.89,108.89,sincronico,sincronico,0.0,0.0,False
MOBX_2026-03-03,5.3277,5.3277,16.9,16.9,sincronico,sincronico,0.0,0.0,False
NGS_2026-03-03,0.0188,0.0188,1.21,1.21,atencion anticipa,atencion anticipa,0.0,0.0,False
ORCL_2026-03-06,-0.0348,-0.0348,1.87,1.87,sincronico,sincronico,0.0,0.0,False
TCBI_2026-03-06,-0.0063,-0.0063,0.88,0.88,atencion anticipa,atencion anticipa,0.0,0.0,False
WTI_2026-03-06,0.121,0.121,2.69,2.69,reactivo,reactivo,0.0,0.0,False
STRA_2026-03-09,-0.0034,-0.0034,0.98,0.98,reactivo,reactivo,0.0,0.0,False
MU_2026-03-16,0.0835,0.0835,1.74,1.74,sincronico,sincronico,0.0,0.0,False
NBIS_2026-03-16,0.1496,0.1496,3.27,3.27,sincronico,sincronico,0.0,0.0,False
ICE_2026-03-21,,,0.92,0.92,reactivo,reactivo,,0.0,False
DJT_2026-03-23,0.0816,0.0816,0.88,0.88,atencion anticipa,atencion anticipa,0.0,0.0,False
GME_2026-03-24,-0.0096,-0.0096,1.4,1.4,atencion anticipa,atencion anticipa,0.0,0.0,False
INTC_2026-03-31,1.0039,1.0039,1.69,1.69,atencion anticipa,atencion anticipa,0.0,0.0,False
UEC_2026-03-31,0.115,0.115,0.71,0.71,atencion anticipa,atencion anticipa,0.0,0.0,False
TSLA_2026-04-02,0.0164,0.0164,1.16,1.16,reactivo,reactivo,0.0,0.0,False
PLTR_2026-04-08,-0.1467,-0.1467,2.1,2.1,reactivo,reactivo,0.0,0.0,False
AMZN_2026-04-09,0.1889,0.1889,1.26,1.26,atencion anticipa,atencion anticipa,0.0,0.0,False
CAR_2026-04-13,-0.236,-0.236,3.33,3.33,reactivo,reactivo,0.0,0.0,False
ASTS_2026-04-14,-0.1816,-0.1816,2.05,2.05,reactivo,reactivo,0.0,0.0,False
BULL_2026-04-14,0.2254,0.2254,1.57,1.57,atencion anticipa,atencion anticipa,0.0,0.0,False
HIMS_2026-04-15,0.3933,0.3933,2.22,2.22,sincronico,sincronico,0.0,0.0,False
HOOD_2026-04-15,0.0377,0.0377,1.53,1.53,reactivo,reactivo,0.0,0.0,False
AMD_2026-04-16,0.3475,0.3475,1.51,1.51,atencion anticipa,atencion anticipa,0.0,0.0,False
ADBE_2026-04-17,-0.0039,-0.0039,1.13,1.13,sincronico,sincronico,0.0,0.0,False
MSTR_2026-04-17,0.1468,0.1468,1.11,1.11,atencion anticipa,atencion anticipa,0.0,0.0,False
IPGP_2026-04-19,,,1.73,1.73,sincronico,sincronico,,0.0,False
MRVL_2026-04-19,0.1326,0.1326,1.24,1.24,reactivo,reactivo,0.0,0.0,False
AAPL_2026-04-20,0.0041,0.0041,1.16,1.16,atencion anticipa,atencion anticipa,0.0,0.0,False
POET_2026-04-20,0.095,0.095,7.8,7.8,reactivo,reactivo,0.0,0.0,False
ON_2026-04-23,0.2051,0.2051,1.52,1.52,atencion anticipa,atencion anticipa,0.0,0.0,False
NVDA_2026-04-24,0.1194,0.1194,1.15,1.15,reactivo,reactivo,0.0,0.0,False
NXPI_2026-04-24,0.3419,0.3419,1.47,1.47,reactivo,reactivo,0.0,0.0,False
QCOM_2026-04-24,0.1646,0.1646,4.04,4.04,atencion anticipa,atencion anticipa,0.0,0.0,False
GOOGL_2026-04-27,0.0161,0.0161,1.36,1.36,atencion anticipa,atencion anticipa,0.0,0.0,False
SEGG_2026-04-28,0.7559,0.7559,2.24,2.24,reactivo,reactivo,0.0,0.0,False
GOOG_2026-04-29,-0.0005,-0.0005,1.52,1.52,atencion anticipa,atencion anticipa,0.0,0.0,False
NOK_2026-04-29,0.3018,0.3018,1.38,1.38,sincronico,sincronico,0.0,0.0,False
JPM_2026-04-30,0.0104,0.0104,0.89,0.89,atencion anticipa,atencion anticipa,0.0,0.0,False
SNDK_2026-04-30,0.3215,0.3215,1.09,1.09,atencion anticipa,atencion anticipa,0.0,0.0,False
XRX_2026-04-30,0.6561,0.6561,10.42,10.42,atencion anticipa,atencion anticipa,0.0,0.0,False
EBAY_2026-05-01,0.0565,0.0565,1.71,1.71,atencion anticipa,atencion anticipa,0.0,0.0,False
GME_2026-05-01,-0.1034,-0.1034,2.04,2.04,reactivo,reactivo,0.0,0.0,False
SOUN_2026-05-01,0.1897,0.1897,1.85,1.85,atencion anticipa,atencion anticipa,0.0,0.0,False
CHWY_2026-05-04,-0.1034,-0.1034,1.3,1.3,reactivo,reactivo,0.0,0.0,False
AMD_2026-05-05,0.0402,0.0402,1.6,1.6,atencion anticipa,atencion anticipa,0.0,0.0,False
MU_2026-05-05,0.6106,0.6106,1.44,1.44,atencion anticipa,atencion anticipa,0.0,0.0,False
SMCI_2026-05-05,-0.0032,-0.0032,2.5,2.5,atencion anticipa,atencion anticipa,0.0,0.0,False
IREN_2026-05-06,0.0385,0.0385,2.4,2.4,sincronico,sincronico,0.0,0.0,False
RKLB_2026-05-07,0.246,0.246,1.86,1.86,atencion anticipa,atencion anticipa,0.0,0.0,False
CSCO_2026-05-09,0.0549,0.0549,2.4,2.4,atencion anticipa,atencion anticipa,0.0,0.0,False
RDDT_2026-05-12,-0.0449,-0.0449,1.03,1.03,atencion anticipa,atencion anticipa,0.0,0.0,False
NBIS_2026-05-13,0.1572,0.1572,1.93,1.93,sincronico,sincronico,0.0,0.0,False
SLS_2026-05-13,0.7184,0.7184,3.28,3.28,atencion anticipa,atencion anticipa,0.0,0.0,False
CXAI_2026-05-20,0.5089,0.5089,12.66,12.66,sincronico,sincronico,0.0,0.0,False
INTU_2026-05-20,-0.0395,-0.0395,5.35,5.35,reactivo,reactivo,0.0,0.0,False
QUBT_2026-05-21,0.1935,0.1935,1.47,1.47,atencion anticipa,atencion anticipa,0.0,0.0,False
UEC_2026-05-21,0.0275,0.0275,0.8,0.8,atencion anticipa,atencion anticipa,0.0,0.0,False
BB_2026-05-22,0.2662,0.2662,2.49,2.49,atencion anticipa,atencion anticipa,0.0,0.0,False
DELL_2026-05-22,0.2542,0.2542,3.62,3.62,atencion anticipa,atencion anticipa,0.0,0.0,False
RDW_2026-05-22,0.5635,0.5635,1.7,1.7,sincronico,sincronico,0.0,0.0,False
CRSR_2026-05-26,0.5519,0.5519,9.25,9.25,sincronico,sincronico,0.0,0.0,False
LUNR_2026-05-26,-0.0889,-0.0889,2.56,2.56,atencion anticipa,atencion anticipa,0.0,0.0,False
LFVN_2026-05-27,0.4387,0.4387,4.97,4.97,atencion anticipa,atencion anticipa,0.0,0.0,False
MRVL_2026-05-27,0.4484,0.4484,2.99,2.99,sincronico,sincronico,0.0,0.0,False
HPE_2026-05-28,0.2634,0.2634,5.81,5.81,sincronico,sincronico,0.0,0.0,False
HUBC_2026-05-28,1.4623,1.4623,16.13,16.13,atencion anticipa,atencion anticipa,0.0,0.0,False
ONDS_2026-05-28,0.2269,0.2269,1.99,1.99,atencion anticipa,atencion anticipa,0.0,0.0,False
SKYX_2026-05-28,0.009,0.009,0.59,0.59,atencion anticipa,atencion anticipa,0.0,0.0,False
SPCE_2026-05-28,0.9842,0.9842,12.43,12.43,sincronico,sincronico,0.0,0.0,False
ASTS_2026-05-29,-0.1479,-0.1479,1.45,1.45,sincronico,sincronico,0.0,0.0,False
AVGO_2026-05-29,0.1234,0.1234,2.65,2.65,sincronico,sincronico,0.0,0.0,False
CRWD_2026-05-29,0.1142,0.1142,1.72,1.72,reactivo,reactivo,0.0,0.0,False
IBM_2026-05-29,0.2127,0.2127,2.88,2.88,sincronico,sincronico,0.0,0.0,False
ORCL_2026-05-29,-0.012,-0.012,1.71,1.71,reactivo,reactivo,0.0,0.0,False
WMT_2026-05-30,,,1.37,1.37,atencion anticipa,atencion anticipa,,0.0,False
GOOG_2026-06-01,-0.0102,-0.0102,1.78,1.78,reactivo,reactivo,0.0,0.0,False
GOOGL_2026-06-01,-0.0486,-0.0486,1.64,1.64,reactivo,reactivo,0.0,0.0,False
MSTR_2026-06-02,-0.1363,-0.1363,1.87,1.87,reactivo,reactivo,0.0,0.0,False
ADBE_2026-06-11,-0.0625,-0.0625,4.11,4.11,reactivo,reactivo,0.0,0.0,False
HOOD_2026-06-12,0.0104,0.0104,1.5,1.5,atencion anticipa,atencion anticipa,0.0,0.0,False
TSLA_2026-06-12,0.0182,0.0182,1.01,1.01,atencion anticipa,atencion anticipa,0.0,0.0,False
NFLX_2026-06-16,-0.1076,-0.1076,1.77,1.77,reactivo,reactivo,0.0,0.0,False
WDC_2026-06-16,0.1418,0.1418,2.08,2.08,sincronico,sincronico,0.0,0.0,False
INTC_2026-06-18,0.1064,0.1064,1.4,1.4,atencion anticipa,atencion anticipa,0.0,0.0,False
MSFT_2026-06-18,-0.0688,-0.0688,1.81,1.81,reactivo,reactivo,0.0,0.0,False
GOOG_2026-06-22,-0.0508,-0.0508,1.07,1.07,reactivo,reactivo,0.0,0.0,False
GOOGL_2026-06-22,-0.0499,-0.0499,1.53,1.53,reactivo,reactivo,0.0,0.0,False
WEN_2026-06-24,0.2556,0.2556,10.38,10.38,atencion anticipa,atencion anticipa,0.0,0.0,False
SLS_2026-06-25,0.6848,0.6848,2.74,2.74,sincronico,sincronico,0.0,0.0,False
