bloque,n,media,media_ic_lo,media_ic_hi,mediana,mediana_ic_lo,mediana_ic_hi,positivos,negativos,ceros,prop_no_negativos,p_signo,p_wilcoxon,p_t
"censo, definicion del manuscrito",2685,1.017877094972067,0.5999813780260708,1.439152700186219,0.0,0.0,0.0,1228,979,478,0.6353817504655493,1.2614077629038023e-07,2.4579523324978733e-13,2.1924410220481554e-06
  grupo atencion anticipa,1082,9.146025878003696,8.608133086876155,9.723682994454713,7.0,6.0,7.0,1082,0,0,1.0,0.0,7.346017607172723e-179,1.5035321096868252e-157
  grupo reactivo,781,-9.104993597951344,-9.8848271446863,-8.393053777208706,-6.0,-6.0,-6.0,0,781,0,0.0,1.5725460863274251e-235,9.558220110512337e-130,2.3072770952519564e-100
  grupo sincronico,822,-0.06326034063260341,-0.10827250608272507,-0.01824817518248175,0.0,0.0,0.0,146,198,478,0.7591240875912408,0.0058846590706111345,0.005052739300298696,0.004987729911101536
  era 2020-2021 meme,1407,1.5543710021321961,0.9452558635394457,2.137171286425018,0.0,0.0,1.0,677,465,265,0.6695095948827292,3.8170855504726876e-10,3.397853750304182e-16,3.945235132867436e-07
  era 2022-2023,521,-0.2840690978886756,-1.0575815738963532,0.45878119001919315,0.0,0.0,0.0,210,234,77,0.5508637236084453,0.27502198874876316,0.6387779667199596,0.46921379662892826
  era 2024-2026,757,0.916776750330251,0.11093130779392339,1.7953104359313068,0.0,0.0,0.0,341,280,136,0.6301188903566711,0.01598438752069002,0.0030117204237761343,0.032290533565442536
"censo, ventana simetrica +/-5 dias",2685,0.19590316573556796,0.08305400372439478,0.30616387337057704,0.0,0.0,0.0,1081,983,621,0.6338919925512104,0.032728316275654736,0.00046237653519233546,0.0006177353190096981
"censo, ventana simetrica +/-10 dias",2685,0.43314711359404096,0.2048417132216015,0.6554934823091247,0.0,0.0,0.0,1194,1027,464,0.6175046554934823,0.0004252910037389799,0.0005665536808656693,0.0001929177969550122
insignia: pico Reddit -> pico precio,50,-2.74,-7.4005,1.2,0.0,-1.0,0.0,15,24,11,0.52,0.19959086691960698,0.3647260175866309,0.2181143051431038
insignia: pico X -> pico precio,50,1.1,-4.600499999999999,7.240499999999993,0.0,-1.0,1.0,19,19,12,0.62,1.0,0.48921740756845333,0.7181349795595968
insignia: diferencia pareada Reddit menos X,50,-3.84,-8.8,-0.36,0.0,0.0,0.0,7,14,29,0.72,0.18924713134765625,0.062196436569440995,0.10496961764982359
