ticker,inicio,fin,pico_reddit,pico_x,pico_precio,desfase_reddit_precio,desfase_x_precio,desfase_reddit_x
AAPL,2020-07-30,2020-09-23,2020-09-15,2020-08-31,2020-08-26,-20,-5,-15
AMC,2021-01-15,2021-02-03,2021-01-28,2021-01-28,2021-01-27,-1,-1,0
AMD,2024-12-09,2025-02-05,2025-02-04,2025-02-04,2024-12-04,-62,-62,0
AMZN,2020-07-01,2020-08-05,2020-07-30,2020-07-30,2020-08-06,7,7,0
APHA,2021-02-03,2021-02-11,2021-02-10,2021-02-10,2021-02-10,0,0,0
ASTS,2024-07-25,2024-08-21,2024-08-15,2024-08-16,2024-08-19,4,3,1
ATER,2021-08-27,2021-10-20,2021-09-23,2021-09-13,2021-09-13,-10,0,-10
BA,2020-03-11,2020-05-03,2020-03-17,2020-03-25,2020-03-06,-11,-19,8
BABA,2020-11-03,2020-12-07,2020-11-20,2020-11-03,2020-10-29,-22,-5,-17
BB,2021-01-14,2021-02-01,2021-01-27,2021-01-28,2021-01-27,0,-1,1
BBBY,2022-08-05,2022-08-31,2022-08-18,2022-08-18,2022-08-17,-1,-1,0
BYND,2025-10-14,2025-10-24,2025-10-22,2025-10-22,2025-10-21,-1,-1,0
CLF,2021-06-09,2021-06-15,2021-06-09,2021-06-09,2021-06-11,2,2,0
CLNE,2021-06-02,2021-06-18,2021-06-09,2021-06-09,2021-06-09,0,0,0
CLOV,2021-06-02,2021-06-11,2021-06-08,2021-06-08,2021-06-08,0,0,0
COIN,2021-10-01,2021-11-10,2021-11-09,2021-11-09,2021-11-09,0,0,0
CRSR,2021-01-22,2021-02-16,2021-02-09,2021-01-27,2021-02-08,-1,12,-13
DIS,2020-05-05,2020-06-04,2020-05-20,2020-05-05,2020-06-08,19,34,-15
DJT,2024-03-26,2024-04-01,2024-03-26,2024-04-01,2024-03-27,1,-5,6
DKNG,2020-05-28,2020-06-08,2020-06-02,2020-05-28,2020-06-01,-1,4,-5
GME,2021-01-13,2021-02-04,2021-01-28,2021-01-28,2021-01-27,-1,-1,0
GOOG,2023-01-20,2023-02-15,2023-02-02,2023-02-02,2023-02-02,0,0,0
GOOGL,2025-09-02,2025-10-09,2025-09-03,2025-09-03,2025-09-19,16,16,0
HOOD,2023-11-29,2024-03-28,2024-03-27,2024-03-27,2024-03-28,1,1,0
INTC,2026-03-31,2026-05-12,2026-04-24,2026-04-24,2026-05-11,17,17,0
META,2025-10-29,2025-11-25,2025-10-30,2025-10-30,2025-10-29,-1,-1,0
MSFT,2021-10-26,2022-01-26,2022-01-25,2022-01-25,2021-11-19,-67,-67,0
MSTR,2024-09-27,2024-11-26,2024-11-21,2024-11-21,2024-11-20,-1,-1,0
MVIS,2021-04-20,2021-04-30,2021-04-26,2021-04-26,2021-04-26,0,0,0
NAKD,2021-01-27,2021-01-29,2021-01-28,2021-01-28,2021-01-29,1,1,0
NFLX,2022-04-18,2022-04-21,2022-04-20,2022-04-20,2022-04-13,-7,-7,0
NIO,2020-11-05,2020-11-18,2020-11-13,2020-11-13,2020-11-23,10,10,0
NKLA,2020-09-08,2020-10-01,2020-09-14,2020-09-21,2020-09-08,-6,-13,7
NOK,2021-01-14,2021-01-29,2021-01-27,2021-01-28,2021-01-27,0,-1,1
NVDA,2024-05-22,2024-07-11,2024-06-20,2024-05-23,2024-06-05,-15,13,-28
PLTR,2020-11-06,2020-12-08,2020-11-27,2020-11-25,2020-11-25,-2,0,-2
PROG,2021-09-14,2021-11-23,2021-10-26,2021-11-16,2021-11-19,24,3,21
PYPL,2021-10-20,2021-11-24,2021-11-09,2021-11-09,2021-10-19,-21,-21,0
RDDT,2024-10-29,2025-07-02,2025-02-13,2024-10-30,2025-02-07,-6,100,-106
RKT,2021-02-25,2021-03-03,2021-03-03,2021-03-02,2021-03-02,-1,0,-1
SMCI,2024-01-19,2024-02-23,2024-02-16,2024-02-16,2024-02-15,-1,-1,0
SNDL,2021-01-05,2021-02-03,2021-01-28,2021-01-28,2021-02-08,11,11,0
SPCE,2020-02-12,2020-02-27,2020-02-18,2020-02-18,2020-02-19,1,1,0
TLRY,2021-02-03,2021-02-11,2021-02-10,2021-02-10,2021-02-10,0,0,0
TSLA,2020-11-17,2020-12-23,2020-12-18,2020-12-18,2020-12-18,0,0,0
TWTR,2021-01-06,2021-02-02,2021-01-28,2021-01-11,2021-02-05,8,25,-17
UNH,2025-05-13,2025-05-21,2025-05-15,2025-05-15,2025-05-08,-7,-7,0
WISH,2021-06-08,2021-06-14,2021-06-09,2021-06-08,2021-06-08,-1,0,-1
WKHS,2021-05-28,2021-06-16,2021-06-09,2021-06-03,2021-06-09,0,6,-6
WMT,2020-07-07,2020-07-15,2020-07-08,2020-07-07,2020-07-16,8,9,-1
