diseno,modelo,covariables,log_verosimilitud_parcial,AIC_parcial,concordancia_startstop,eventos,filas,HR_log1p_n_lag,lo_log1p_n_lag,hi_log1p_n_lag,p_log1p_n_lag,HR_log_z_inicio,lo_log_z_inicio,hi_log_z_inicio,p_log_z_inicio,HR_log_base_previa,lo_log_base_previa,hi_log_base_previa,p_log_base_previa,HR_sin_direccion_lag,lo_sin_direccion_lag,hi_sin_direccion_lag,p_sin_direccion_lag,HR_b_duro_lag,lo_b_duro_lag,hi_b_duro_lag,p_b_duro_lag,HR_d_duro_lag,lo_d_duro_lag,hi_d_duro_lag,p_d_duro_lag,de,a,estadistico,gl,p,ic_lo,ic_hi
sin entrada retardada (prospectivo.py),P0 volumen + encendido,3.0,-17867.095108892925,35740.19021778585,0.6904679646407689,2646.0,40189.0,1.267939213550359,1.2390697155391772,1.2974813516115442,9.49966988043578e-91,1.2012607977229226,1.1256242426130085,1.2819797668856956,3.2691162950137513e-08,0.9494855909274489,0.9174694048541244,0.9826190198922076,0.0030580228184288938,,,,,,,,,,,,,,,,,,,
sin entrada retardada (prospectivo.py),P1 P0 + silencio,4.0,-17840.557228095604,35689.11445619121,0.6893237324005436,2646.0,40189.0,1.3601375676065282,1.321052021911329,1.4003795249016893,5.705818960676865e-95,1.1716145682038965,1.0976791921100644,1.2505299419850568,1.9146156575787698e-06,0.9162171900974204,0.8841614594031844,0.9494351178761518,1.467816721488873e-06,1.8290910605406598,1.559589049496469,2.145163887134186,1.1308733163070921e-13,,,,,,,,,,,,,,,
sin entrada retardada (prospectivo.py),P2 P1 + B y D (= I1),6.0,-17756.002250859317,35524.004501718635,0.6981108492197097,2646.0,40189.0,1.3936383690180052,1.3483261671962095,1.4404733445453715,3.1132356177467012e-86,1.1507866466002323,1.0776869701017897,1.228844685640325,2.7367583530768384e-05,0.8630289863841977,0.8314491373174636,0.8958082917042575,9.563972750878247e-15,1.5654802998580888,1.3300167774743004,1.8426298154657124,7.078200044996982e-08,0.8680095382982618,0.798870552379146,0.9431322212752897,0.0008303526348008529,1.7662423383545747,1.365767748009365,2.28414531119448,1.4513649249203358e-05,,,,,,,
sin entrada retardada (prospectivo.py),referencia I2 (retrospectivo),10.0,-17647.77466720139,35315.54933440278,0.7108328735347944,2646.0,40189.0,,,,,,,,,,,,,,,,,,,,,1.6435024925493054,,,,,,,,,,
CON entrada retardada al dia de elegibilidad,P0 volumen + encendido,3.0,-13816.478419869478,27638.956839738956,0.5874782219534148,2196.0,23125.0,1.1447024068469582,1.1170670648799608,1.1730214249777633,2.255446891630836e-27,0.9794897223636314,0.9090053907777128,1.0554394131757074,0.5865237664937221,0.8466088437086504,0.8143679632167857,0.8801261427506565,4.250634212654308e-17,,,,,,,,,,,,,,,,,,,
CON entrada retardada al dia de elegibilidad,P1 P0 + silencio,4.0,-13807.12545675199,27622.25091350398,0.5894277905389803,2196.0,23125.0,1.2032080304655488,1.1642214693528217,1.2435001438184705,3.5126168867418663e-28,0.9713050824886527,0.9014533274924756,1.0465695055922495,0.44451131313051007,0.8318746799293519,0.7995866441835352,0.8654665359176736,7.97268092616282e-20,1.4792974447461467,1.2404912901435015,1.7640760136085532,1.3061333408706057e-05,,,,,,,,,,,,,,,
CON entrada retardada al dia de elegibilidad,P2 P1 + B y D (= I1),6.0,-13752.633586914502,27517.267173829005,0.6047884178325116,2196.0,23125.0,1.2436288604479104,1.1982421928103963,1.2907346710196312,1.4077131399538897e-30,0.9489928516559479,0.8801364948376419,1.0232360977830133,0.1731127077319501,0.7853230682907374,0.7534520721663128,0.8185422064290829,2.877710328983347e-30,1.2559313401831476,1.0510867695787678,1.500697732011582,0.012127163320707459,0.8146559631873379,0.745113538660361,0.8906888734700631,6.709871310465601e-06,1.2811808355372027,0.9682443647038814,1.6952583388903093,0.08289761151884513,,,,,,,
CON entrada retardada al dia de elegibilidad,referencia I2 (retrospectivo),10.0,-13660.13281742198,27340.26563484396,0.6382731698040637,2196.0,23125.0,,,,,,,,,,,,,,,,,,,,,1.2030033140818417,,,,,,,,,,
,,,,,,,,,,,,,,,,,,,,,,,,,,,,,,,,P0 volumen + encendido,P1 P0 + silencio,18.705926234975777,1.0,1.5250776772544611e-05,,
,,,,,,,,,,,,,,,,,,,,,,,,,,,,,,,,P1 P0 + silencio,P2 P1 + B y D (= I1),108.98373967497537,2.0,2.1601386174220875e-24,,
,,,,,,,,,,,,,,,,,,,,,,,,,,,,,,,,P0 volumen + encendido,P2 P1 + B y D (= I1),127.68966590995115,3.0,1.701850384194764e-27,,
,,,,,,,,,,,,,,,,,,,,,,,,,,,,,,,,"P2 - P0 (B, D y silencio)",diferencia de concordancia,0.017310195879096768,100.0,,0.009794024433982595,0.02752652909824102
,,,,,,,,,,,,,,,,,,,,,,,,,,,,,,,,P2 - P1 (solo B y D),diferencia de concordancia,0.01536062729353127,100.0,,0.007738494291938689,0.02582513653282843
