ticker,date,close_prev,close,ret,s,fuente,factor_implicito
AAPL,2020-08-31,499.23001,129.03999,0.033912,0.2500000299814458,crsp,4.0
ACB,2020-05-11,0.6716,7.41,-0.080554,12.000001290364512,crsp,0.083
ACB,2024-02-20,0.393,3.47,-0.117048,9.99999608069318,crsp,0.1
ACIC,2023-08-15,9.92,8.24,0.039092,0.7993952039764743,crsp,1.251
ACRX,2022-10-26,0.2116,3.69,-0.128072,20.00000381571888,crsp,0.05
AEZS,2022-07-21,0.185,4.34,-0.061621,24.999983438951062,crsp,0.04
AEZS,2024-05-03,2.01,7.8,-0.029851,4.00000104615412,crsp,0.25
AEZS,2024-06-03,9.69,8.59,0.309315,0.6770570169537008,crsp,1.477
AGBA,2024-10-02,2.23,1.49,0.293895,0.516395406874266,crsp,1.937
AHT,2020-07-16,0.61,5.57,-0.086885,9.99999730700252,crsp,0.1
AHT,2021-07-19,1.82,16.76,-0.079121,10.000001312649337,crsp,0.1
AHT,2024-10-28,0.557,6.1,0.095153,9.999996377050492,crsp,0.1
AIRE,2026-01-02,0.4172,11.649999618530272,0.1175059381662282,24.988015797542815,yahoo,0.04
AMC,2022-08-22,18.02,10.46,-0.086571,0.635480315080472,crsp,1.574
AMC,2023-08-24,1.96,14.37,-0.266837,10.000003618651276,crsp,0.1
AMRN,2025-04-11,0.4515,9.3,0.0299,20.000006451614983,crsp_v2,0.05
AMTD,2022-01-31,39.97,3.96,0.015385,0.09757314292538986,crsp,10.249
AMTD,2022-11-22,1.01,2.0,-0.009901,2.0000000200000003,crsp,0.5
AMTD,2023-11-17,0.6602,1.91,-0.035646,3.0000007344504414,crsp,0.333
AMZN,2022-06-06,2447.0,124.79,0.019943,0.04999998956246712,crsp,20.0
ANET,2021-11-18,528.32001,132.55,0.003558,0.2500001072258193,crsp,4.0
ANET,2024-12-04,414.45999,105.43,0.017517,0.24999994922886476,crsp,4.0
APRN,2023-06-08,0.5245,5.35,-0.149984,11.999998420934787,crsp,0.083
ARVL,2023-04-14,0.11,4.07,-0.260001,50.000067567658874,crsp,0.02
ASRT,2021-05-18,0.4325,1.56,-0.098266,4.000000461538515,crsp,0.25
ASRT,2025-12-26,0.6599,9.94,0.004193,14.999993344318849,crsp_v2,0.067
ASST,2024-07-02,0.3217,1.63,0.013366,5.00000242024657,crsp,0.2
ASST,2026-01-02,0.738,17.299999237060547,0.1720866510021139,20.00000031013799,yahoo,0.05
ASTR,2023-09-14,0.1664,2.13,-0.146634,14.999989183106392,crsp,0.067
ATCH,2025-01-02,0.16,10.05,0.046877,59.999885373353315,crsp_v2,0.017
ATER,2024-03-22,0.2716,3.33,0.021723,12.000001435675848,crsp,0.083
ATNM,2020-08-11,0.3899,9.66,-0.174148,30.000028434809558,crsp,0.033
AUVI,2023-05-31,0.3779,1.93,0.021434,5.000001183938104,crsp,0.2
AUVI,2023-12-12,0.0842,2.06,-0.021377,24.999982827681702,crsp,0.04
AVCT,2022-10-03,0.2016,2.4,-0.206349,14.999996100001013,crsp,0.067
AVGO,2024-07-15,1700.67004,171.42,0.007956,0.09999996669944872,crsp,10.0
AXDX,2023-07-12,0.7501,6.95,-0.073457,10.000001376978608,crsp,0.1
AYRO,2023-09-18,0.4854,2.93,-0.245468,8.000003652151838,crsp,0.125
AYTU,2020-12-09,0.87,6.83,-0.214942,9.999993265011856,crsp,0.1
AYTU,2023-01-06,0.2151,3.86,-0.102743,20.000002000000197,crsp,0.05
BACK,2023-09-08,0.104,2.67,-0.144232,30.00004314612947,crsp,0.033
BBIG,2023-05-11,0.1411,2.34,-0.170801,20.000003606838256,crsp,0.05
BDRX,2023-07-05,0.0655,4.63,-0.116413,80.0000711879683,crsp,0.012
BDRX,2024-10-04,0.2403,5.55,-0.076154,24.99997817569473,crsp,0.04
BDRX,2025-07-31,0.8637,7.85,-0.09112,10.000004382167525,crsp_v2,0.1
BETS,2024-01-10,0.0058,6.61,0.139641,1000.0124358581284,crsp,0.001
BFRI,2023-07-05,0.54,9.46,-0.124074,19.99999830866822,crsp,0.05
BIOC,2020-09-08,0.5318,4.42,-0.16886,9.999994298645783,crsp,0.1
BIOC,2023-05-17,0.2103,5.39,-0.145666,30.000037814518905,crsp,0.033
BKKT,2024-04-29,0.3997,9.96,-0.003252,24.999988980928556,crsp,0.04
BMRA,2025-04-21,0.4801,3.68,-0.041866,7.999997680000672,crsp_v2,0.125
BNAI,2025-12-12,0.284,2.58,-0.091549,9.999996744187108,crsp_v2,0.1
BNED,2024-05-13,0.2908,0.1853,6.944635,0.08020603877819223,crsp,12.468
BNED,2024-06-12,0.0943,6.99,-0.258749,100.00004391990485,crsp,0.01
BNGO,2023-08-07,0.485,4.67,-0.037113,9.999995824412878,crsp,0.1
BNGO,2025-01-27,0.1215,5.82,-0.201644,59.99984288700934,crsp_v2,0.017
BODY,2023-11-22,0.1499,8.3,0.107404,50.00004228919239,crsp,0.02
BOXL,2023-06-15,0.3075,2.22,-0.097561,8.000000216216222,crsp,0.125
BOXL,2025-02-18,0.4479,2.23,-0.004242,4.99999990807175,crsp_v2,0.2
BOXL,2025-12-23,0.5403,2.64,-0.185637,5.999995515003353,crsp_v2,0.167
BTAI,2025-02-10,0.165,2.98,0.128788,15.999998281879378,crsp_v2,0.063
BURU,2026-01-02,0.1592,1.0,0.2578616088140497,4.993718697797114,yahoo,0.2
BYFC,2023-11-01,0.7753,6.57,0.059267,8.000002872695097,crsp,0.125
CBD,2021-03-08,17.05,3.87,-0.046921,0.23815389085349953,crsp,4.199
CBD,2023-08-29,4.0,1.1,-0.0625,0.29333333333333333,crsp,3.409
CEI,2022-12-21,0.084,3.91,-0.069049,50.00007416890798,crsp,0.02
CELH,2023-11-15,156.75999,51.59,-0.012695,0.33333350148196117,crsp,3.0
CGC,2023-12-20,0.5197,4.8,-0.07639,9.999997562500592,crsp,0.1
CHEK,2022-11-25,0.232,3.84,-0.172414,20.00000500000125,crsp,0.05
CHK,2020-04-15,0.1312,16.38,-0.375763,200.00025787579037,crsp,0.005
CHPT,2025-07-28,0.6106,9.91,-0.188503,19.9999972472254,crsp_v2,0.05
CJJD,2022-04-07,0.251,2.78,-0.077025,11.999996978418027,crsp,0.083
CJJD,2024-03-01,0.1609,2.91,-0.095711,19.999986240559295,crsp,0.05
CMG,2024-06-26,3283.04004,65.86,0.003034,0.01999999524153554,crsp,50.0
CNSP,2022-11-29,0.1671,4.05,-0.192101,30.000017133343114,crsp,0.033
CNSP,2024-06-05,0.1289,5.39,-0.163694,50.00007263461387,crsp,0.02
CNSP,2025-02-21,0.075,3.23,-0.138667,50.000019349852685,crsp_v2,0.02
CNSP,2025-07-22,0.7451,8.82,-0.013556,12.000009397558381,crsp_v2,0.083
COKE,2025-05-27,1143.55,112.93,-0.012461,0.09999998021341046,crsp_v2,10.0
COMS,2023-02-10,0.0558,4.35,-0.220431,100.00011448288969,crsp,0.01
COO,2024-02-20,372.01001,95.7,0.029005,0.2499998952847552,crsp,4.0
COSM,2022-12-16,0.33,23.01,1.789092,24.999990221646588,crsp,0.04
CRKN,2023-08-15,0.0436,2.176,-0.168194,59.99987602966792,crsp,0.017
CRKN,2024-06-25,0.0383,3.98,-0.307218,149.99877174372585,crsp,0.007
CRKN,2025-01-30,0.0609,6.63,-0.274216,149.99916652046838,crsp_v2,0.007
CRKN,2026-01-02,3.64,0.1099999994039535,-0.0090090271501837,0.03049450588750313,yahoo,32.793
CRWD,2026-01-02,468.76,113.3949966430664,-0.0323833579595435,0.25000000520822224,yahoo,4.0
CSX,2021-06-29,95.32,31.56,-0.006714,0.33333325756937365,crsp,3.0
CTRM,2021-05-28,0.3585,3.05,-0.149233,10.000001000000099,crsp,0.1
CTRM,2023-03-08,1.35,0.95,-0.011111,0.7116104069351602,crsp,1.405
CTRM,2024-03-27,0.3501,3.57,0.019709,9.999996613446525,crsp,0.1
CTXR,2024-11-26,0.1335,4.15,0.243446,24.99999382530273,crsp,0.04
CVNA,2026-01-02,422.02,80.05000305175781,-0.0515851892266845,0.19999999840911162,yahoo,5.0
CYN,2024-07-05,0.0537,4.23,-0.212291,100.00006312060724,crsp,0.01
CYN,2025-02-18,0.0924,8.88,-0.359304,149.99921351763726,crsp_v2,0.007
CZR,2020-07-21,12.37,38.4,0.004184,3.091350349555407,crsp,0.323
DARE,2024-07-01,0.3361,3.79,-0.0603,12.000006205807958,crsp,0.083
DELL,2021-11-02,111.51,54.61,0.022664,0.4788785589531053,crsp,2.088
DFLI,2024-11-22,0.3695,4.24,0.274996,9.000001702358814,crsp,0.111
DFLI,2025-12-18,0.4307,3.51,-0.185048,10.00000494587139,crsp_v2,0.1
DGLY,2023-02-08,0.298,5.35,-0.102349,20.000000149532713,crsp,0.05
DRUG,2023-07-14,0.591,3.68,0.245347,4.99999947690223,crsp,0.2
EBET,2023-10-02,0.0316,0.8308,-0.123629,30.000010544057627,crsp,0.033
EBON,2022-11-22,0.2211,6.04,-0.089402,30.00001721524167,crsp,0.033
EDU,2021-03-12,168.72,17.64,0.045519,0.1000000194557861,crsp,10.0
EDU,2022-04-08,1.19,12.03,0.010925,9.999993765589922,crsp,0.1
ETH,2024-11-20,2.92,28.93,-0.009246,9.999994192882736,crsp,0.1
EURN,2024-05-22,21.08,16.08,-0.020399,0.7786929057300983,crsp,1.284
EVFM,2022-05-06,0.1104,1.4,-0.154589,14.999993400002904,crsp,0.067
EXPR,2023-08-31,0.5,10.09,0.009,20.0,crsp,0.05
EYES,2020-01-06,0.675,5.21,-0.035185,7.999998464491657,crsp,0.125
EYES,2022-08-19,1.84,4.35,-0.211957,3.0000018206907595,crsp,0.333
FAMI,2022-05-31,0.062,1.27,-0.180645,24.999995078741126,crsp,0.04
FAMI,2023-09-25,0.2263,1.55,-0.143836,8.000003584001606,crsp,0.125
FAMI,2025-03-17,0.1569,1.95,0.035691,12.000006062772293,crsp_v2,0.083
FAST,2025-05-22,81.46,40.715,-0.000368,0.49999986049371453,crsp_v2,2.0
FCEL,2024-11-11,0.2501,6.68,-0.10969,30.00001827845425,crsp,0.033
FEMY,2026-01-02,0.5762,12.739999771118164,0.1059027139649373,19.993058760436778,yahoo,0.05
FET,2020-11-10,0.4601,8.75,-0.04912,20.000005120001312,crsp,0.05
FFIE,2023-08-28,0.1555,9.48,-0.237943,80.0000921520049,crsp,0.012
FFIE,2024-03-01,0.0698,0.198,-0.054441,2.9999991727275006,crsp,0.333
FFIE,2024-08-19,0.1284,3.99,-0.223132,40.00005966926195,crsp,0.025
FGF,2024-11-01,1.04,22.25,-0.14423,24.999977528110087,crsp,0.04
FGL,2026-01-02,0.162,16.299999237060547,0.0061727450254112,100.0000047095028,yahoo,0.01
FIZZ,2021-02-22,100.8,49.15,-0.024802,0.5000002115972412,crsp,2.0
FRGT,2023-03-24,0.17,1.69,-0.005882,9.999996449705401,crsp,0.1
FRGT,2024-02-05,0.227,1.9,-0.162995,9.99999289474189,crsp,0.1
FRGT,2024-09-25,0.0838,2.1,0.002387,24.999990892860463,crsp,0.04
FRGT,2025-05-27,0.6703,2.39,-0.108608,3.9999996143933427,crsp_v2,0.25
FRGT,2025-12-15,0.6001,2.43,-0.190135,5.000000138888893,crsp_v2,0.2
FRGT,2026-01-02,1.68,9.199999809265137,0.0952381222696814,4.999999772934687,yahoo,0.2
FUBO,2026-01-02,2.52,31.07999992370605,0.0277777830339192,11.999999909173875,yahoo,0.083
GCTK,2024-05-20,0.5,2.3629,-0.05484,4.999999999999999,crsp,0.2
GCTK,2025-02-04,0.057,0.81,-0.289474,20.00000888889284,crsp_v2,0.05
GCTK,2025-06-16,0.0949,6.305,0.107308,59.999888165156904,crsp_v2,0.017
GDC,2026-01-02,4.26,1155.0,0.0845070422535212,250.0,yahoo,0.004
GENE,2023-12-14,0.548,3.118,0.137956,5.000000898011707,crsp,0.2
GFAI,2023-02-10,0.426,18.9,0.109154,40.00003352383762,crsp,0.025
GMBL,2023-02-22,0.0592,4.08,-0.310811,100.00002745098791,crsp,0.01
GMBL,2023-12-22,0.0105,6.91,0.645236,400.0005094073057,crsp,0.002
GME,2022-07-22,153.47,35.78,-0.06744,0.2500000293460068,crsp,4.0
GNS,2024-08-16,0.137,1.37,0.0,10.0,crsp,0.1
GNUS,2023-02-13,0.4449,3.6,-0.190829,9.999995058335776,crsp,0.1
GOEV,2024-03-08,0.099,2.13,-0.064558,22.99998451550338,crsp,0.043
GOEV,2024-12-24,0.079,1.47,-0.06962,19.99999455782461,crsp,0.05
GOLD,2026-01-02,43.55,34.77000045776367,0.0211454107734447,0.781859913594961,yahoo,1.279
GOOG,2022-07-18,2255.34009,109.91,-0.025335,0.049999976143677786,crsp,20.0
GOOGL,2022-07-18,2235.55005,109.03,-0.02458,0.049999994731473554,crsp,20.0
GPUS,2024-11-25,0.1816,6.61,0.039962,35.00000809077343,crsp,0.029
GREE,2023-05-16,0.34,3.86,0.135294,10.000001036269536,crsp,0.1
GRPN,2020-06-11,1.39,20.58,-0.259712,19.999993780371224,crsp,0.05
GSAT,2025-02-11,1.56,24.33,0.039744,14.999994081383345,crsp_v2,0.067
GTE,2023-05-05,0.6044,6.23,0.030775,9.99999341894494,crsp,0.1
GWAV,2024-06-03,0.0387,4.27,-0.264421,149.99873203647942,crsp,0.007
GWAV,2025-08-25,0.078,9.36,0.090908,110.00011000011,crsp_v2,0.009
HCTI,2023-05-26,0.2612,3.26,0.248086,9.99999806135007,crsp,0.1
HCTI,2025-08-01,0.0312,4.75,-0.388575,248.99797970902358,crsp_v2,0.004
HCTI,2026-01-02,0.6325,36.59999847412109,-0.0363349416731979,60.0474301063025,yahoo,0.017
HEXO,2020-12-23,1.02,4.23,0.036765,3.999998865248549,crsp,0.25
HEXO,2022-12-19,0.119,1.3,-0.219688,14.00000224000036,crsp,0.071
HOFV,2022-12-27,0.4245,8.5,-0.089839,22.000016619071378,crsp,0.045
HOLO,2024-02-02,0.1925,1.83,-0.04935,9.999993169403572,crsp,0.1
HOLO,2024-10-09,0.2589,6.57,0.26883,19.99999470319775,crsp,0.05
HOLO,2025-04-21,0.384,12.2,-0.205729,39.99999160655914,crsp_v2,0.025
HUBC,2023-12-15,0.204,2.3,0.127451,9.99999982608696,crsp,0.1
HUBC,2025-03-31,0.3773,2.87,-0.239332,9.999998731707477,crsp_v2,0.1
HUBC,2026-01-02,0.388,6165.0,0.0592783505154639,14999.999999999998,yahoo,0.0
HUYA,2025-07-01,3.52,2.32,0.076705,0.6121369447442977,crsp_v2,1.634
HYMC,2023-11-15,0.1758,2.18,0.240046,9.99999601835021,crsp,0.1
IBIO,2022-10-10,0.1431,3.035,-0.151642,24.99999386326345,crsp,0.04
IBIO,2023-11-29,0.2,3.91,-0.0225,20.0,crsp,0.05
IBKR,2025-06-18,208.17,52.6,0.010712,0.25000009857418337,crsp_v2,4.0
ICU,2024-06-10,0.2194,4.21,-0.232452,24.999995368171877,crsp,0.04
IDEX,2023-08-25,0.0346,4.3,-0.005778,124.99970494255693,crsp,0.008
IMCC,2022-11-17,0.3401,2.73,-0.197297,10.000025996404577,crsp,0.1
IMCC,2024-07-12,0.369,2.47,0.115628,5.99999904777343,crsp,0.167
INO,2024-01-25,0.5775,6.79,-0.020202,11.999999752577326,crsp,0.083
ISIG,2021-01-04,0.8399,7.31,0.243345,7.000001667647456,crsp,0.143
ISPC,2024-09-16,0.1928,4.47,0.159233,19.999989046985863,crsp,0.05
IVR,2022-06-06,1.75,16.75,-0.042857,9.99999850746291,crsp,0.1
IXHL,2026-01-02,0.358,11.699999809265137,0.089385480317103,29.999999360665264,yahoo,0.033
IZEA,2023-06-16,0.685,3.0,0.094891,3.999998213334131,crsp,0.25
JAGX,2021-09-08,0.96,2.63,-0.086806,3.000001460076756,crsp,0.333
JAGX,2023-01-23,0.0847,5.43,-0.145219,75.00005107047677,crsp,0.013
JAGX,2024-05-23,0.1281,5.13,-0.332551,59.99984778985982,crsp,0.017
JAGX,2025-03-24,0.231,6.04,0.045887,25.000010658117127,crsp_v2,0.04
JCS,2021-10-18,8.44,5.12,0.021327,0.5939675256700816,crsp,1.684
JCS,2022-03-21,2.1,8.14,-0.030952,3.9999984275190457,crsp,0.25
KPLT,2023-07-28,0.76,19.09,0.004737,24.999996071242105,crsp,0.04
KTOV,2020-08-21,0.5086,4.77,-0.062131,9.999996364781195,crsp,0.1
KTRA,2022-11-14,0.0841,4.4899,0.067752,50.00003162655957,crsp,0.02
KULR,2025-06-23,0.8653,6.69,-0.033572,7.999998580329103,crsp_v2,0.125
LAZR,2024-11-21,0.7594,10.86,-0.046615,14.999988211335232,crsp,0.067
LCID,2025-09-02,1.98,17.66,-0.108081,10.000002151755842,crsp_v2,0.1
LGVN,2023-08-18,2.7828,2.79,0.721288,0.582463435591025,crsp,1.717
LGVN,2024-03-27,0.3437,3.11,-0.095141,9.999998768488897,crsp,0.1
LIDR,2023-12-27,0.074,2.65,0.193693,30.000017433972396,crsp,0.033
LODE,2025-02-25,0.2888,3.05,0.056094,10.00000173114784,crsp_v2,0.1
LPSN,2025-10-13,0.4069,5.78,-0.053002,14.999994049310322,crsp_v2,0.067
MARK,2022-12-22,0.1314,1.21,-0.079147,9.999993041327157,crsp,0.1
MAXN,2024-10-09,0.0711,6.33,-0.109705,100.00004028437642,crsp,0.01
MEGL,2025-02-18,0.476101,1.87,-0.018066,4.000002059175392,crsp_v2,0.25
META,2022-06-09,12.31,184.0,-0.06428,15.974006540938964,crsp,0.063
METX,2022-05-06,0.0905,1.95,-0.281769,30.00004361544802,crsp,0.033
METX,2023-08-24,0.169,2.42,-0.284023,19.99998132233149,crsp,0.05
MFA,2022-04-05,3.93,15.51,-0.013359,4.000000897485695,crsp,0.25
MITT,2021-07-23,3.69,10.78,-0.026197,3.000000219851593,crsp,0.333
MMAT,2024-01-29,0.0582,5.51,-0.053266,100.00014736863822,crsp,0.01
MNMD,2022-08-29,0.791,12.01,0.012222,14.999982477122884,crsp,0.067
MOBX,2026-01-02,0.2673,2.700000047683716,0.0112359440196763,9.988776940867735,yahoo,0.1
MOVE,2024-10-29,0.2656,4.42,0.109439,14.99998311314118,crsp,0.067
MOVE,2025-10-10,0.649,6.57,0.012327,9.999996605785018,crsp_v2,0.1
MRIN,2024-04-15,0.4911,2.68,-0.090477,5.99999894373153,crsp,0.167
MSAI,2026-01-02,0.288,12.359999656677246,0.0729165942304692,40.0000015894572,yahoo,0.025
MSTR,2024-08-08,1246.84998,135.99001,0.090669,0.09999996170039104,crsp,10.0
MULN,2023-05-04,0.0639,1.47,-0.079812,24.99999438775636,crsp,0.04
MULN,2023-08-11,0.113,1.01,-0.006883,9.000000098019802,crsp,0.111
MULN,2023-12-21,0.08,14.25,0.781248,100.0001122808278,crsp,0.01
MULN,2024-09-17,0.1184,10.45,-0.1174,100.00015311028226,crsp,0.01
NAKD,2021-12-22,0.4818,6.25,-0.135187,14.999991477604842,crsp,0.067
NBRV,2020-12-03,0.3938,3.77,-0.042661,9.999997395226142,crsp,0.1
NBRV,2022-09-16,0.2671,3.82,-0.427929,24.999973151206845,crsp,0.04
NCNA,2024-04-16,0.178,3.9,-0.123595,24.9999855769314,crsp,0.04
NCNA,2025-08-11,0.0322,4.47,-0.305901,200.00010917231907,crsp_v2,0.005
NEGG,2025-04-07,0.2427,5.265,0.084672,20.00000802279524,crsp_v2,0.05
NERV,2022-06-21,0.3951,2.85,-0.09833,8.000004109475796,crsp,0.125
NFLX,2025-11-17,1112.17,110.29,-0.008335,0.09999999428325355,crsp_v2,10.0
NKLA,2024-06-25,0.3507,9.37,-0.109401,30.000025360747152,crsp,0.033
NOG,2020-09-21,0.54,5.9,0.092593,9.999996271187833,crsp,0.1
NOVN,2021-05-26,0.835,9.19,0.100599,9.99999820457051,crsp,0.1
NVDA,2021-07-20,751.19,186.12,-0.008933,0.2500001276965782,crsp,4.0
NVDA,2024-06-10,1208.88,121.79,0.007461,0.1000000448575618,crsp,10.0
NVNI,2025-10-06,0.3131,3.14,0.002874,10.000004796180644,crsp_v2,0.1
NVO,2023-09-20,187.05,94.73,0.012884,0.5000001261480315,crsp,2.0
NVOS,2023-11-07,0.1207,1.5,0.242751,9.99999695333426,crsp,0.1
NXTD,2021-10-18,0.3956,3.13,-0.208797,10.000002977636669,crsp,0.1
NYC,2023-01-12,1.71,15.66,0.144737,7.999998896551876,crsp,0.125
NYCB,2024-07-12,3.68,11.01,-0.002717,2.9999988228887453,crsp,0.333
OPAD,2023-06-13,0.5207,8.37,0.071635,14.999990739253024,crsp,0.067
OTLY,2025-02-18,0.495,8.68,-0.123232,19.99999262673083,crsp_v2,0.05
PANW,2022-09-14,548.88,182.06,-0.004919,0.33333329715478804,crsp,3.0
PANW,2024-12-16,393.12,202.5,0.03022,0.4999998933333561,crsp,2.0
PATK,2024-12-16,134.59,88.25,-0.016457,0.6666664029210989,crsp,1.5
PCSA,2024-01-22,0.225,2.505,-0.443333,19.999988023959265,crsp,0.05
PCSA,2025-12-17,0.1202,6.68,1.222962,24.99999696856324,crsp_v2,0.04
PHUN,2024-02-27,0.176,8.29,-0.057955,50.000024125463995,crsp,0.02
PIXY,2022-09-01,0.1401,20.58,0.468949,100.00011909635174,crsp,0.01
PIXY,2023-10-16,0.7136,13.51,-0.211159,23.999988448739828,crsp,0.042
PIXY,2024-10-14,0.65,9.66,-0.00923,14.999988354046307,crsp,0.067
PLUS,2021-12-14,108.03,52.49,-0.028233,0.5000000523433089,crsp,2.0
PPSI,2024-12-17,6.115,4.29,-0.053148,0.7409326450463994,crsp,1.35
PRE,2023-11-14,0.36,5.3801,-0.003684,14.99998215648672,crsp,0.067
PSFE,2022-12-13,1.21,13.51,-0.06956,12.000009948194776,crsp,0.083
PSTV,2023-05-01,0.2598,3.99,0.023865,14.999992838349286,crsp,0.067
PSTV,2026-01-02,0.5123,14.0,0.0980392156862746,24.887761077493657,yahoo,0.04
PTE,2022-05-17,0.1706,2.97,-0.303634,24.999991666669445,crsp,0.04
PTPI,2022-12-01,0.4111,4.3,0.045975,9.999992500005623,crsp,0.1
PXMD,2023-10-31,0.1658,3.15,0.117576,17.000001545650935,crsp,0.059
QLGN,2022-11-23,0.171,1.8,0.052632,9.9999960000016,crsp,0.1
QLGN,2024-11-05,0.1011,5.08,0.004945,50.000029773639774,crsp,0.02
RAPT,2025-06-17,1.03,7.84,-0.048544,8.000002612245751,crsp_v2,0.125
RAYA,2025-09-30,0.0391,4.09,-0.524524,219.9976035860061,crsp_v2,0.005
RAYA,2026-01-02,3.8,40.29999923706055,0.0605262957121197,10.0,yahoo,0.1
RBC,2022-09-26,151.0,208.32001,-0.019117,1.4064905959546534,crsp,0.711
REE,2023-10-18,0.1325,3.41,-0.142139,30.000022214092695,crsp,0.033
RELI,2023-02-23,0.4224,5.145,-0.187973,14.999991043737124,crsp,0.067
RELI,2024-07-01,0.2262,4.66,0.211837,17.000007296870084,crsp,0.059
RIDE,2023-05-24,0.2841,3.73,-0.124721,14.99999413472079,crsp,0.067
RIME,2025-02-10,0.017,2.98,-0.123529,199.99990604031257,crsp_v2,0.005
RMED,2020-11-17,0.2087,4.62,-0.114518,24.999987364725,crsp,0.04
RMED,2022-10-03,0.1198,6.63,0.106844,50.000033484185316,crsp,0.02
RVSN,2023-11-15,0.235,2.09,0.111702,8.000000918660392,crsp,0.125
RVSN,2026-01-02,0.324,305.1000061035156,0.0462962953272627,900.0000188380111,yahoo,0.001
SBFM,2024-04-17,0.068,3.8,-0.441177,100.00009473693184,crsp,0.01
SBFM,2024-08-08,0.1526,2.9714,-0.026409,20.00000180386366,crsp,0.05
SCWO,2025-12-26,0.2301,2.36,0.025641,10.000000250000006,crsp_v2,0.1
SENS,2025-10-20,0.408,8.47,0.03799,20.00000377804086,crsp_v2,0.05
SFT,2023-03-08,0.1762,1.53,-0.131668,9.999993568631586,crsp,0.1
SHIP,2020-06-30,0.1576,2.14,-0.151332,15.99999081271556,crsp,0.063
SHIP,2023-02-16,0.5346,5.35,0.000748,10.00000222803788,crsp,0.1
SHOP,2022-06-29,350.26001,33.05,-0.056415,0.0999999723038352,crsp,10.0
SHOT,2025-12-11,0.116,3.22,-0.206897,35.00001978261988,crsp_v2,0.029
SIRI,2024-09-10,2.67,27.38,0.025468,10.000001607012676,crsp,0.1
SKLZ,2023-06-26,0.471,8.41,-0.107218,19.999984684910658,crsp,0.05
SKM,2021-11-30,29.83,46.0,-0.063403,1.6464623950954382,crsp,0.607
SKM,2021-12-27,48.42,28.94,-0.004173,0.6001915053890807,crsp,1.666
SMCI,2024-10-01,416.39999,40.55,-0.026177,0.10000002775296207,crsp,10.0
SMFL,2023-04-24,0.097,4.45,-0.082475,50.000042134866966,crsp,0.02
SMFL,2023-08-02,0.67,2.09,0.039801,2.9999999856459327,crsp,0.333
SMFL,2023-10-27,0.7234,1.89,-0.129113,3.0000016390485142,crsp,0.333
SMFL,2024-04-22,0.481,4.35,0.291951,7.000001581839437,crsp,0.143
SMX,2023-08-21,0.1056,1.93,-0.16925,22.000018238357086,crsp,0.045
SMX,2024-07-15,0.0904,5.9495,-0.122493,75.0000320195111,crsp,0.013
SMX,2025-01-15,0.1972,5.51,-0.019608,28.50000456000073,crsp_v2,0.035
SMX,2025-06-16,0.923001,3.6,-0.048702,4.099998950261552,crsp_v2,0.244
SMX,2025-08-07,0.75019,4.88,-0.070712,7.000002936214346,crsp_v2,0.143
SMX,2025-10-23,0.866,7.59,-0.195892,10.899573415683673,crsp_v2,0.092
SMX,2025-11-18,1.05,5.28,-0.371429,8.000005454549173,crsp_v2,0.125
SMX,2026-01-02,16.35,231.6372833251953,0.2629969937994878,11.217301394961297,yahoo,0.089
SNDL,2022-07-26,0.2974,2.28,-0.233356,10.000003263158959,crsp,0.1
SOBR,2024-10-02,0.067,6.3999,-0.131629,110.000098486002,crsp,0.009
SOBR,2025-04-04,0.3471,4.93,0.42034,9.999999716024348,crsp_v2,0.1
SOS,2022-07-06,0.169,8.31,-0.016569,50.00004843566666,crsp,0.02
SOS,2024-11-19,0.7001,9.13,-0.1306,14.99999326396798,crsp,0.067
SPCE,2024-06-17,0.6849,11.7,-0.145861,20.000006800002314,crsp,0.05
SPIR,2023-08-31,0.565,5.26,0.163717,7.999998722433664,crsp,0.125
SST,2025-06-12,0.3802,4.16,0.094161,9.99999970673078,crsp_v2,0.1
STZ,2022-11-11,310.0,247.0,0.012171,0.787193264328248,crsp,1.27
SUNE,2025-04-21,0.02,2.79,-0.3025,200.0,crsp_v2,0.005
SWBI,2020-08-25,20.91,17.265,0.038259,0.7952558004400047,crsp,1.257
SWI,2021-07-20,16.92,10.2,-0.027778,0.6200609320017691,crsp,1.613
SWI,2021-08-02,11.24,22.07,-0.018238,1.99999911554185,crsp,0.5
SXTP,2024-08-12,0.0933,1.62,0.446945,12.000002800000656,crsp,0.083
SXTP,2025-02-24,0.45,2.12,-0.057778,5.000001179245562,crsp_v2,0.2
SXTP,2026-01-02,0.5083,2.063999891281128,0.0157479455757987,3.997639317036894,yahoo,0.25
T,2022-04-11,24.14,19.63,0.061504,0.7660575528557388,crsp,1.305
TBLT,2020-04-15,0.1497,1.43,-0.044756,9.999998125874479,crsp,0.1
TBLT,2022-04-25,0.1762,14.57,-0.448728,149.9987753016946,crsp,0.007
TBLT,2024-01-02,0.1575,8.69,-0.15116,65.00000373993116,crsp,0.015
TLRY,2025-12-02,0.7824,7.71,-0.014571,10.000004544749148,crsp_v2,0.1
TNXP,2022-05-17,0.0904,2.21,-0.236034,31.999987767606484,crsp,0.031
TNXP,2023-05-10,0.3515,1.92,-0.126032,6.25000504557699,crsp,0.16
TNXP,2024-06-10,0.1041,2.21,-0.336575,31.99998030770443,crsp,0.031
TNXP,2025-02-05,0.1521,14.98,-0.015122,100.00003751670297,crsp_v2,0.01
TPET,2024-11-15,0.0972,1.5811,-0.186677,20.000001113149136,crsp,0.05
TRKA,2023-06-01,0.1221,3.8,0.244882,24.999984835535514,crsp,0.04
TRVG,2023-11-14,1.07,0.638,0.124535,0.5302295457615731,crsp,1.886
TRVG,2023-11-17,0.6021,2.81,-0.0666,4.9999987544487094,crsp,0.2
TRVN,2022-11-10,0.1221,2.47,-0.190827,24.999994104252405,crsp,0.04
TRVN,2024-08-13,0.2052,4.4899,-0.124775,24.99997633579825,crsp,0.04
TSLA,2020-08-31,2213.3999,498.32001,0.125689,0.20000001043256577,crsp,5.0
TSLA,2022-08-25,891.28998,296.07001,-0.003456,0.3333334639972547,crsp,3.0
TTNP,2020-12-01,0.17,3.76,-0.262746,30.000036702172554,crsp,0.033
TTNP,2024-01-09,0.44,7.145,-0.188068,19.9999955213446,crsp,0.05
TTOO,2022-10-13,0.056,2.55,-0.089287,50.00007058833494,crsp,0.02
TTOO,2023-10-13,0.174,8.2,-0.528736,100.0000780488414,crsp,0.01
TXMD,2022-05-09,0.1533,4.84,-0.368559,50.00004891533712,crsp,0.02
UAVS,2024-02-09,0.0711,1.32,-0.07173,20.00000090909095,crsp,0.05
UAVS,2024-10-15,0.0962,2.69,-0.440749,50.00005000005001,crsp,0.02
UPC,2023-07-28,0.3699,2.17,-0.022258,5.999998355392155,crsp,0.167
UPC,2024-11-18,0.1407,2.15,0.018717,14.999984452341696,crsp,0.067
UPC,2025-03-24,0.0881,4.39,0.245743,40.00001519818345,crsp_v2,0.025
VBIV,2023-04-12,0.155,3.27,-0.296775,30.00003440370918,crsp,0.033
VERB,2023-04-19,0.0826,3.1,-0.061744,40.00002807743906,crsp,0.025
VERB,2024-10-09,0.0425,6.91,-0.18706,200.00028943601944,crsp,0.005
VERU,2025-08-11,0.3727,3.59,-0.036759,10.000002208914138,crsp_v2,0.1
VISL,2020-08-03,0.5199,2.57,-0.176124,6.00000281463167,crsp,0.167
VISL,2023-05-01,0.2282,4.03,-0.117002,19.999985746908422,crsp,0.05
VS,2022-11-09,0.1665,2.13,-0.147146,14.999979823970799,crsp,0.067
VS,2023-12-29,0.1768,3.03,0.071126,15.999993511289757,crsp,0.063
VTVT,2023-11-21,0.35,10.485,-0.251072,40.000030519813464,crsp,0.025
WDC,2025-02-24,68.705,49.02,-0.050724,0.7516098482489628,crsp_v2,1.33
WE,2023-09-05,0.11,3.54,-0.195455,40.00002259888282,crsp,0.025
WISH,2023-04-12,0.3269,7.95,-0.189355,30.00001692453785,crsp,0.033
WKHS,2024-06-17,0.15,2.21,-0.263333,19.99999095023034,crsp,0.05
WKHS,2025-03-17,0.2082,2.03,-0.219981,12.50000340209452,crsp_v2,0.08
WKHS,2025-12-08,0.7812,7.59,-0.190349,12.000012119537931,crsp_v2,0.083
WMT,2024-02-26,175.56,59.6,0.018455,0.3333334082774218,crsp,3.0
WOLF,2025-09-29,1.21,22.1,-0.847455,119.73163859790458,crsp_v2,0.008
XELA,2021-01-26,0.8737,2.51,-0.042387,3.00000067613561,crsp,0.333
XELA,2022-07-26,0.1455,1.85,-0.364261,19.999994702704107,crsp,0.05
XELA,2023-05-15,0.025,3.08,-0.384001,200.00032467585174,crsp,0.005
XSPA,2020-06-11,1.67,4.18,-0.165669,3.000001212919151,crsp,0.333
XTIA,2025-01-10,0.0505,7.31,-0.42099,249.99995725034927,crsp_v2,0.004
YAAS,2025-09-30,0.0451,3.15,-0.12694,79.99998780952568,crsp_v2,0.013
YYAI,2024-06-27,0.4188,8.52,0.017192,19.99999954929578,crsp,0.05
YYAI,2025-10-27,0.0794,3.56,-0.103275,50.00002457866376,crsp_v2,0.02
YYAI,2026-01-02,0.7801,36.040000915527344,0.1551282062254635,39.99487343025183,yahoo,0.025
ZIM,2023-04-04,23.47,19.54,0.105241,0.7532766105225772,crsp,1.328
ZSAN,2022-04-12,0.1202,3.2,-0.239363,35.00000154218757,crsp,0.029
