modelo,covariable,exp_coef,lo,hi,p,rho,C
prospectivo (dia 3),b_temprano,0.7825311135752329,0.7313139781401561,0.837335210343725,1.24479334358446e-12,1.070296990491705,0.6141911541172963
prospectivo (dia 3),d_temprano,0.3769179675950053,0.2965039080395335,0.4791409166755649,1.5946388436514626e-15,1.070296990491705,0.6141911541172963
prospectivo (dia 3),log_base_previa,0.983924557707695,0.951615485831666,1.0173305811792293,0.34143519609689016,1.070296990491705,0.6141911541172963
prospectivo (dia 3),log_z_inicio,0.7943398467062392,0.7439690270646367,0.8481210495480369,5.6441661174687414e-12,1.070296990491705,0.6141911541172963
prospectivo (dia 3),sin_dir_temprano,1.2290801430969214,1.0663377061635912,1.4166600218893464,0.004423340015511614,1.070296990491705,0.6141911541172963
retrospectivo de referencia (S6 + truncamiento),b_temprano,0.7793569310059023,0.7322405237587045,0.8295050686201774,4.6880793373036975e-15,1.1206002153374446,0.6291345924622855
retrospectivo de referencia (S6 + truncamiento),d_temprano,0.4053750603438951,0.3200383987824538,0.5134663220850546,7.042081580869513e-14,1.1206002153374446,0.6291345924622855
retrospectivo de referencia (S6 + truncamiento),desacoplado,1.4264884804147655,1.3135199659968464,1.5491727856696413,3.2179093337715193e-17,1.1206002153374446,0.6291345924622855
retrospectivo de referencia (S6 + truncamiento),log_amplitud,0.9926640500440062,0.9505307647763126,1.0366649379114605,0.7393361849397222,1.1206002153374446,0.6291345924622855
retrospectivo de referencia (S6 + truncamiento),log_base_previa,0.9709089970152144,0.9373467019139758,1.005673011448438,0.10001200913853495,1.1206002153374446,0.6291345924622855
retrospectivo de referencia (S6 + truncamiento),log_vol_ratio,0.9260780979652432,0.8863130651314671,0.9676272157893908,0.0006045047007678978,1.1206002153374446,0.6291345924622855
retrospectivo de referencia (S6 + truncamiento),log_z_inicio,0.8103783639626749,0.7547155341142985,0.8701465162625965,6.9964391787277755e-09,1.1206002153374446,0.6291345924622855
retrospectivo de referencia (S6 + truncamiento),ret_encendido_pico,1.1567663746195056,1.1020184183511714,1.2142341935195768,3.935162239191791e-09,1.1206002153374446,0.6291345924622855
