ticker,fecha_inicio,fecha_fin,duracion_dias,causa
RTX,2020-04-03,2020-06-16,75,"simbolo con menos de 30 dias de cotizacion al encender (OPI, SPAC o renombre): sin 5 sesiones previas"
DKNG,2020-04-24,2020-04-27,4,"simbolo con menos de 30 dias de cotizacion al encender (OPI, SPAC o renombre): sin 5 sesiones previas"
LK,2020-05-20,2020-05-27,8,"simbolo con menos de 30 dias de cotizacion al encender (OPI, SPAC o renombre): sin 5 sesiones previas"
SWBI,2020-06-01,2020-06-03,3,"simbolo con menos de 30 dias de cotizacion al encender (OPI, SPAC o renombre): sin 5 sesiones previas"
NKLA,2020-06-04,2020-06-10,7,"simbolo con menos de 30 dias de cotizacion al encender (OPI, SPAC o renombre): sin 5 sesiones previas"
LMND,2020-07-02,2020-07-06,5,"simbolo con menos de 30 dias de cotizacion al encender (OPI, SPAC o renombre): sin 5 sesiones previas"
BIGC,2020-08-05,2020-08-07,3,"simbolo con menos de 30 dias de cotizacion al encender (OPI, SPAC o renombre): sin 5 sesiones previas"
RKT,2020-08-06,2020-08-13,8,"simbolo con menos de 30 dias de cotizacion al encender (OPI, SPAC o renombre): sin 5 sesiones previas"
FSDC,2020-08-13,2021-02-07,179,"simbolo con menos de 30 dias de cotizacion al encender (OPI, SPAC o renombre): sin 5 sesiones previas"
CVAC,2020-08-14,2020-08-17,4,"simbolo con menos de 30 dias de cotizacion al encender (OPI, SPAC o renombre): sin 5 sesiones previas"
UTZ,2020-08-31,2020-09-04,5,"simbolo con menos de 30 dias de cotizacion al encender (OPI, SPAC o renombre): sin 5 sesiones previas"
PSTH,2020-09-11,2020-10-21,41,"simbolo con menos de 30 dias de cotizacion al encender (OPI, SPAC o renombre): sin 5 sesiones previas"
HYLN,2020-10-02,2020-10-13,12,"simbolo con menos de 30 dias de cotizacion al encender (OPI, SPAC o renombre): sin 5 sesiones previas"
RIDE,2020-10-26,2020-11-20,26,"simbolo con menos de 30 dias de cotizacion al encender (OPI, SPAC o renombre): sin 5 sesiones previas"
FSR,2020-10-30,2020-11-27,29,"simbolo con menos de 30 dias de cotizacion al encender (OPI, SPAC o renombre): sin 5 sesiones previas"
TLS,2020-11-19,2020-12-01,13,"simbolo con menos de 30 dias de cotizacion al encender (OPI, SPAC o renombre): sin 5 sesiones previas"
MP,2020-11-24,2021-05-05,163,"simbolo con menos de 30 dias de cotizacion al encender (OPI, SPAC o renombre): sin 5 sesiones previas"
VGAC,2020-11-27,2020-12-16,20,"simbolo con menos de 30 dias de cotizacion al encender (OPI, SPAC o renombre): sin 5 sesiones previas"
LAZR,2020-12-03,2020-12-09,7,"simbolo con menos de 30 dias de cotizacion al encender (OPI, SPAC o renombre): sin 5 sesiones previas"
NFLX,2020-12-11,2020-12-13,3,episodio sin dos sesiones bursatiles (fin de semana o feriado)
FGF,2020-12-17,2021-02-12,58,"simbolo con menos de 30 dias de cotizacion al encender (OPI, SPAC o renombre): sin 5 sesiones previas"
GOEV,2020-12-22,2021-01-14,24,"simbolo con menos de 30 dias de cotizacion al encender (OPI, SPAC o renombre): sin 5 sesiones previas"
STIC,2020-12-23,2020-12-29,7,"simbolo con menos de 30 dias de cotizacion al encender (OPI, SPAC o renombre): sin 5 sesiones previas"
RMO,2020-12-30,2021-01-19,21,"simbolo con menos de 30 dias de cotizacion al encender (OPI, SPAC o renombre): sin 5 sesiones previas"
CLOV,2021-01-08,2021-01-28,21,"simbolo con menos de 30 dias de cotizacion al encender (OPI, SPAC o renombre): sin 5 sesiones previas"
FPAC,2021-01-21,2021-03-17,56,hueco de precios en los 30 dias previos
CAP,2021-01-22,2021-02-04,14,"simbolo con menos de 30 dias de cotizacion al encender (OPI, SPAC o renombre): sin 5 sesiones previas"
UWMC,2021-01-22,2021-02-12,22,"simbolo con menos de 30 dias de cotizacion al encender (OPI, SPAC o renombre): sin 5 sesiones previas"
FTCV,2021-01-25,2021-03-06,41,"simbolo con menos de 30 dias de cotizacion al encender (OPI, SPAC o renombre): sin 5 sesiones previas"
CCV,2021-02-05,2021-02-25,21,"simbolo con menos de 30 dias de cotizacion al encender (OPI, SPAC o renombre): sin 5 sesiones previas"
GHVI,2021-02-05,2021-02-25,21,"simbolo con menos de 30 dias de cotizacion al encender (OPI, SPAC o renombre): sin 5 sesiones previas"
YELL,2021-02-08,2021-08-27,201,"simbolo con menos de 30 dias de cotizacion al encender (OPI, SPAC o renombre): sin 5 sesiones previas"
BFLY,2021-02-16,2021-03-04,17,"simbolo con menos de 30 dias de cotizacion al encender (OPI, SPAC o renombre): sin 5 sesiones previas"
FSII,2021-02-17,2021-11-23,280,"simbolo con menos de 30 dias de cotizacion al encender (OPI, SPAC o renombre): sin 5 sesiones previas"
CHPT,2021-03-01,2021-04-29,60,"simbolo con menos de 30 dias de cotizacion al encender (OPI, SPAC o renombre): sin 5 sesiones previas"
IMCC,2021-03-01,2021-05-18,79,"simbolo con menos de 30 dias de cotizacion al encender (OPI, SPAC o renombre): sin 5 sesiones previas"
POW,2021-03-03,2021-03-31,29,"simbolo con menos de 30 dias de cotizacion al encender (OPI, SPAC o renombre): sin 5 sesiones previas"
BIOT,2021-03-18,2021-05-20,64,"simbolo con menos de 30 dias de cotizacion al encender (OPI, SPAC o renombre): sin 5 sesiones previas"
UPC,2021-03-23,2022-02-10,325,"simbolo con menos de 30 dias de cotizacion al encender (OPI, SPAC o renombre): sin 5 sesiones previas"
ARVL,2021-03-31,2021-05-06,37,"simbolo con menos de 30 dias de cotizacion al encender (OPI, SPAC o renombre): sin 5 sesiones previas"
PSFE,2021-03-31,2021-05-18,49,"simbolo con menos de 30 dias de cotizacion al encender (OPI, SPAC o renombre): sin 5 sesiones previas"
ASTS,2021-04-07,2021-04-26,20,"simbolo con menos de 30 dias de cotizacion al encender (OPI, SPAC o renombre): sin 5 sesiones previas"
ASPC,2021-04-12,2022-04-12,366,"simbolo con menos de 30 dias de cotizacion al encender (OPI, SPAC o renombre): sin 5 sesiones previas"
EDR,2021-04-29,2021-05-07,9,"simbolo con menos de 30 dias de cotizacion al encender (OPI, SPAC o renombre): sin 5 sesiones previas"
TETC,2021-05-07,2021-07-18,73,"simbolo con menos de 30 dias de cotizacion al encender (OPI, SPAC o renombre): sin 5 sesiones previas"
DAWN,2021-05-28,2021-09-01,97,"simbolo con menos de 30 dias de cotizacion al encender (OPI, SPAC o renombre): sin 5 sesiones previas"
SOFI,2021-06-01,2021-06-10,10,"simbolo con menos de 30 dias de cotizacion al encender (OPI, SPAC o renombre): sin 5 sesiones previas"
BARK,2021-06-02,2021-06-14,13,"simbolo con menos de 30 dias de cotizacion al encender (OPI, SPAC o renombre): sin 5 sesiones previas"
HITI,2021-06-02,2021-06-30,29,"simbolo con menos de 30 dias de cotizacion al encender (OPI, SPAC o renombre): sin 5 sesiones previas"
KPLT,2021-06-15,2021-07-06,22,"simbolo con menos de 30 dias de cotizacion al encender (OPI, SPAC o renombre): sin 5 sesiones previas"
PTRA,2021-06-15,2021-08-12,59,"simbolo con menos de 30 dias de cotizacion al encender (OPI, SPAC o renombre): sin 5 sesiones previas"
BODY,2021-06-28,2021-07-09,12,"simbolo con menos de 30 dias de cotizacion al encender (OPI, SPAC o renombre): sin 5 sesiones previas"
MMAT,2021-06-28,2021-07-15,18,"simbolo con menos de 30 dias de cotizacion al encender (OPI, SPAC o renombre): sin 5 sesiones previas"
DIDI,2021-06-30,2021-07-09,10,"simbolo con menos de 30 dias de cotizacion al encender (OPI, SPAC o renombre): sin 5 sesiones previas"
ASTR,2021-07-01,2021-07-09,9,"simbolo con menos de 30 dias de cotizacion al encender (OPI, SPAC o renombre): sin 5 sesiones previas"
AVPT,2021-07-02,2021-07-22,21,"simbolo con menos de 30 dias de cotizacion al encender (OPI, SPAC o renombre): sin 5 sesiones previas"
SLI,2021-07-13,2021-08-20,39,"simbolo con menos de 30 dias de cotizacion al encender (OPI, SPAC o renombre): sin 5 sesiones previas"
FXLV,2021-07-15,2021-11-16,125,"simbolo con menos de 30 dias de cotizacion al encender (OPI, SPAC o renombre): sin 5 sesiones previas"
REE,2021-07-23,2021-08-11,20,"simbolo con menos de 30 dias de cotizacion al encender (OPI, SPAC o renombre): sin 5 sesiones previas"
MVST,2021-07-26,2021-08-13,19,"simbolo con menos de 30 dias de cotizacion al encender (OPI, SPAC o renombre): sin 5 sesiones previas"
HOOD,2021-07-29,2021-08-06,9,"simbolo con menos de 30 dias de cotizacion al encender (OPI, SPAC o renombre): sin 5 sesiones previas"
GXO,2021-08-03,2021-11-05,95,"simbolo con menos de 30 dias de cotizacion al encender (OPI, SPAC o renombre): sin 5 sesiones previas"
NLIT,2021-08-18,2022-04-21,247,"simbolo con menos de 30 dias de cotizacion al encender (OPI, SPAC o renombre): sin 5 sesiones previas"
IRNT,2021-08-27,2021-09-17,22,"simbolo con menos de 30 dias de cotizacion al encender (OPI, SPAC o renombre): sin 5 sesiones previas"
OPAD,2021-09-07,2021-09-17,11,"simbolo con menos de 30 dias de cotizacion al encender (OPI, SPAC o renombre): sin 5 sesiones previas"
TMC,2021-09-10,2021-09-23,14,"simbolo con menos de 30 dias de cotizacion al encender (OPI, SPAC o renombre): sin 5 sesiones previas"
BROS,2021-09-15,2021-09-21,7,"simbolo con menos de 30 dias de cotizacion al encender (OPI, SPAC o renombre): sin 5 sesiones previas"
GREE,2021-09-15,2021-09-17,3,"simbolo con menos de 30 dias de cotizacion al encender (OPI, SPAC o renombre): sin 5 sesiones previas"
LILM,2021-09-16,2021-09-19,4,"simbolo con menos de 30 dias de cotizacion al encender (OPI, SPAC o renombre): sin 5 sesiones previas"
APTM,2021-09-19,2022-08-18,334,"simbolo con menos de 30 dias de cotizacion al encender (OPI, SPAC o renombre): sin 5 sesiones previas"
TOST,2021-09-22,2021-10-13,22,"simbolo con menos de 30 dias de cotizacion al encender (OPI, SPAC o renombre): sin 5 sesiones previas"
BKKT,2021-10-20,2021-10-26,7,"simbolo con menos de 30 dias de cotizacion al encender (OPI, SPAC o renombre): sin 5 sesiones previas"
BTTX,2021-10-29,2021-11-04,7,"simbolo con menos de 30 dias de cotizacion al encender (OPI, SPAC o renombre): sin 5 sesiones previas"
IOBT,2021-11-05,2022-02-24,112,"simbolo con menos de 30 dias de cotizacion al encender (OPI, SPAC o renombre): sin 5 sesiones previas"
RIVN,2021-11-10,2021-11-19,10,"simbolo con menos de 30 dias de cotizacion al encender (OPI, SPAC o renombre): sin 5 sesiones previas"
SLDP,2021-12-09,2021-12-16,8,"simbolo con menos de 30 dias de cotizacion al encender (OPI, SPAC o renombre): sin 5 sesiones previas"
STET,2022-01-26,2022-08-05,192,"simbolo con menos de 30 dias de cotizacion al encender (OPI, SPAC o renombre): sin 5 sesiones previas"
AMTD,2022-02-04,2022-02-09,6,hueco de precios en los 30 dias previos
ARC,2022-02-04,2022-02-06,3,episodio sin dos sesiones bursatiles (fin de semana o feriado)
SKYX,2022-02-10,2022-05-30,110,"simbolo con menos de 30 dias de cotizacion al encender (OPI, SPAC o renombre): sin 5 sesiones previas"
APLD,2022-04-14,2022-10-01,171,"simbolo con menos de 30 dias de cotizacion al encender (OPI, SPAC o renombre): sin 5 sesiones previas"
META,2022-06-09,2022-06-30,22,"simbolo con menos de 30 dias de cotizacion al encender (OPI, SPAC o renombre): sin 5 sesiones previas"
NVDA,2022-07-01,2022-07-03,3,episodio sin dos sesiones bursatiles (fin de semana o feriado)
MEGL,2022-08-05,2022-08-15,11,"simbolo con menos de 30 dias de cotizacion al encender (OPI, SPAC o renombre): sin 5 sesiones previas"
BACK,2022-08-08,2022-08-26,19,"simbolo con menos de 30 dias de cotizacion al encender (OPI, SPAC o renombre): sin 5 sesiones previas"
GCT,2022-08-18,2022-08-22,5,"simbolo con menos de 30 dias de cotizacion al encender (OPI, SPAC o renombre): sin 5 sesiones previas"
RUM,2022-09-19,2022-09-21,3,"simbolo con menos de 30 dias de cotizacion al encender (OPI, SPAC o renombre): sin 5 sesiones previas"
RDDT,2024-03-21,2024-04-04,15,"simbolo con menos de 30 dias de cotizacion al encender (OPI, SPAC o renombre): sin 5 sesiones previas"
DJT,2024-03-26,2024-04-01,7,"simbolo con menos de 30 dias de cotizacion al encender (OPI, SPAC o renombre): sin 5 sesiones previas"
DXYZ,2024-03-27,2024-04-09,14,"simbolo con menos de 30 dias de cotizacion al encender (OPI, SPAC o renombre): sin 5 sesiones previas"
KDLY,2024-05-31,2024-08-29,91,"simbolo con menos de 30 dias de cotizacion al encender (OPI, SPAC o renombre): sin 5 sesiones previas"
SEGG,2025-01-07,2025-04-25,109,"simbolo con menos de 30 dias de cotizacion al encender (OPI, SPAC o renombre): sin 5 sesiones previas"
CRWV,2025-03-27,2025-04-02,7,"simbolo con menos de 30 dias de cotizacion al encender (OPI, SPAC o renombre): sin 5 sesiones previas"
NMAX,2025-03-31,2025-04-02,3,"simbolo con menos de 30 dias de cotizacion al encender (OPI, SPAC o renombre): sin 5 sesiones previas"
CCAQ,2025-04-21,2025-05-23,33,"simbolo con menos de 30 dias de cotizacion al encender (OPI, SPAC o renombre): sin 5 sesiones previas"
BRK,2025-05-03,2025-05-05,3,episodio sin dos sesiones bursatiles (fin de semana o feriado)
CRCL,2025-06-05,2025-06-30,26,"simbolo con menos de 30 dias de cotizacion al encender (OPI, SPAC o renombre): sin 5 sesiones previas"
NKLR,2025-10-10,2025-10-22,13,"simbolo con menos de 30 dias de cotizacion al encender (OPI, SPAC o renombre): sin 5 sesiones previas"
CVX,2026-01-03,2026-01-05,3,episodio sin dos sesiones bursatiles (fin de semana o feriado)
VCX,2026-03-19,2026-03-27,9,"simbolo con menos de 30 dias de cotizacion al encender (OPI, SPAC o renombre): sin 5 sesiones previas"
GLND,2026-03-26,2026-04-17,23,"simbolo con menos de 30 dias de cotizacion al encender (OPI, SPAC o renombre): sin 5 sesiones previas"
BRK,2026-05-02,2026-05-18,17,hueco de precios en los 30 dias previos
CBRS,2026-05-11,2026-05-14,4,"simbolo con menos de 30 dias de cotizacion al encender (OPI, SPAC o renombre): sin 5 sesiones previas"
OTAI,2026-05-15,2026-06-17,34,"simbolo con menos de 30 dias de cotizacion al encender (OPI, SPAC o renombre): sin 5 sesiones previas"
