id,#,año,subreddit,tipo,ticker,etiqueta_pedro,notas,sha256_texto
gwjylj8,1,2021,stocks,comment,AMC,venta,,55fc45f46e767687bc8b719557066298ab73d3b638b0ab0543256bc54a0da94e
gwhjr9w,2,2021,stocks,comment,AAPL,compra,,df914b6cf2b1cca41a6f1c8c9c8060a0ec3476c789437b3948f69327f7cff202
zpxx4q,3,2022,stocks,post,META,venta,,a7a5c13e52e65bde4721825a3a2b86c5571c1a75db885cd7bd0eab694c33a6b6
1gh6yqn,4,2024,wallstreetbets,post,DJT,venta,,35bdc4d93b6839c3b6c274a2cfae542522493f4984737d67b890fef49fa7f8c4
116ci36,5,2023,stocks,post,TSLA,neutral,,2d8726130821ca1b62475dee038d475522f1dece17af341649adb3d3e9cc3a29
i2zw54k,6,2022,stocks,comment,AAPL,compra,,989737fdae2daa7a77d32d07a27e7ab885ae36b9d8e21aec0c87d6e5ca6d52b1
zfeo8j,7,2022,stocks,post,GME,venta,,ea35a7e1e3c8459ccac55655432c631f48799a3c1adc92f47f60c5a89e605b03
gar10i4,8,2020,wallstreetbets,comment,AMD,neutral,,b38253cc3d434a97ec09accaa438d103806f93a89a4f36e01e4a2fe59e64d6ba
gwk90dy,9,2021,stocks,comment,GME,neutral,,83bb31c2bc9d34d8380831fc3b436720d8bfa066bc86f4c07db60cd8e3c919df
iyj0thb,10,2022,stocks,comment,AMD,compra,,4fc97b24007c06acb342f9ea5ad3d2ee0b23f82bb9b55c0e204292ddde46444d
nh43e79,11,2025,wallstreetbets,comment,NVDA,neutral,,e7aa607aec5ee0bd6aa3b2f6de58f545313f04ccab45ea0bf42369091628cac1
1o40qeq,12,2025,stocks,post,NVDA,compra,,24819eeae3a5b07d1e407d72d2b8c1a71e844c918598b693cf514e9a3eda03a0
iyhczzp,13,2022,wallstreetbets,comment,TSLA,compra,,94d97f308ed244df2437c284848da147b5c18ec4d43951b731b75dcbb8c9c56d
luvaiew,14,2024,stocks,comment,NVDA,compra,,208c150901f55fcf2deadb2262bd49c160169cec895b7345197dddf494e40999
odsj6rl,15,2026,stocks,comment,INTC,neutral,,e7adf7890ffc70c0558cb94f9e29e85c687d48b51d885f7380ed3a9c1098204e
odmu3l0,16,2026,wallstreetbets,comment,TSLA,venta,,d8dd847bec1a1df2e57d58be85ebb0ad2bfe4ae299041419b0ef1c1a2b5f1afb
jag24om,17,2023,stocks,comment,AMD,compra,,9545ad534c6785ff4ae246d80fe95d33cd44ddc29fc23b465dbf1a459ed9f6e9
fg54r3g,18,2020,wallstreetbets,comment,AMD,venta,,e63772e39e23d94e50ce3090f89c8165218e4af9112177286c05f4a674d4a6d7
ghnvqs8,19,2021,wallstreetbets,comment,PLTR,venta,,fcb7cc1436db9aa2569350cf32d381763025b0ab6c1b9b1c1bfdec1572365db0
txrclp,20,2022,stocks,post,MSFT,compra,,c03cebdc98dcd052214871487851c1ea397e9405ed551c4669382abbdfebaff9
11zmpt4,21,2023,stocks,post,META,neutral,,92d19dbe850e2567be58d8257d6760237016684ead25064bc32874232f58ee6d
kohzkm,22,2021,wallstreetbets,post,BABA,compra,,8b69c9f3101cf4da3af21b936c655bfeea8b6eb53a5a01dfe85aa4a7a250d00b
1f77270,23,2024,stocks,post,AMZN,neutral,,cee6192e52db2469aad1c9fb130bdbb1e2aa37c0aa5d4989825ddbdc5bcc6063
iyfkjpe,24,2022,wallstreetbets,comment,AMD,compra,,1e8ea4bb3367a35360627bc8bda5807bbe1d3b8bc3369c01ae2480e85f2434f5
10rhstf,25,2023,wallstreetbets,post,META,compra,,749c60c8e8016a047d394bdace57fb19eb8c6401b4e1d2b24cfd9f6c1ed67989
zat1m1,26,2022,wallstreetbets,post,AMC,compra,,6fa5de9487a62d3282e53c026077665eec528c62a56d10a52b30cbfaee8ca513
iym0pvc,27,2022,stocks,comment,PLTR,neutral,,8bb09df2d6391242f63b0639be271d1e773af686076eafeafe5c73316cd459a0
nx3ga66,28,2026,wallstreetbets,comment,MSTR,compra,,52369ae0584e8f07ca51e984102483fbd72b106f22742a3a95d8e363ce6d1910
iyg1f9c,29,2022,wallstreetbets,comment,NVDA,compra,,83fcbab6964af006022163bb671cea3260ee54c63602a9b81330bf62e411dc19
fg6l1a5,30,2020,stocks,comment,MSFT,compra,,dc6b12a0e90efd24c53b9a7f62a34fe6408f32fa6c5ccc9f8def73a3b4e6da8d
10rsom9,31,2023,wallstreetbets,post,MVIS,compra,,cb8a84c1fee4207ac0a5febb224adb53e69d1b34bd2687c97030068bd6e40a4a
10r9dei,32,2023,wallstreetbets,post,META,compra,,a234f35d842c4a96c89e03f69c4a594079d806e23f7bd63517418cd71d36d726
nx1akdw,33,2026,stocks,comment,BYND,venta,,78594553e5628c86256c46efe50b230381375cce0fd0a7ad01e87054426fc78a
odmjeyt,34,2026,wallstreetbets,comment,UNH,venta,,e29d0074bc757b492885a7af8db50f1f17eab169503a31664a9ccd70669626aa
jafkcgb,35,2023,wallstreetbets,comment,NVDA,venta,,79231a9975379b80ec88a94f2de999e1a190a99950f2c81b04d53a8ea6bb51f4
kolwb6,36,2021,wallstreetbets,post,WMT,compra,,440a8e4979c5e1fee8f938fb27d1032451c0651880e4b6a9ba27cb57182303fe
f1493c,37,2020,stocks,post,MSFT,compra,,7b6cfd61b81383e5d9ae97593a0dda9c629eb2084df85419c77fad32b5d1cedd
n2b7a7,38,2021,wallstreetbets,post,AMC,compra,,428c8b834f03333c35f44e0c775ff800d28d03c60610dda26d604ed29e1dd69b
fg5godv,39,2020,wallstreetbets,comment,AMZN,neutral,,e787288c4c197be0ca3a3dc98dadde3da617cda3e2d101833ebd61f2eee8eff9
odm7y23,40,2026,wallstreetbets,comment,AMZN,venta,,4eaded5b0732726cbd65d8c5f8bb0084cff8f57e72ff79d494a66d9ed7f3750c
odqb8z9,41,2026,stocks,comment,MSFT,compra,,f6fb25d36aa08590a4a16a2b4e6dd1a28cb84ca6c67fc50ae3a0beaf596e6bfb
1shnjnt,42,2026,stocks,post,MSFT,venta,,6b2cb1386d0912e0a387998fc54feb084909b8084477d4224291f52ce31a4a10
i2x3pun,43,2022,wallstreetbets,comment,TSLA,neutral,,bef6394473bb76954c80f26478a2f98f89ca781061343a7f251e9f5a925913b7
10rvuy3,44,2023,wallstreetbets,post,AMZN,compra,,6dcaa8d0d4337c4bc221610fc013f900c3356026675df82068b6a266ce793b8d
lkxuksx,45,2024,wallstreetbets,comment,ASTS,venta,,970593f3a49d92ccd3de3ea0960e40727ba5f16922f06a1ac5ee53f3bf35718e
kra410,46,2021,stocks,post,TSLA,compra,,1e3be28e5555ff32623ad9d9b99ff6b897891a5619edee8732280ea0711a92ce
tuhfoo,47,2022,wallstreetbets,post,GME,compra,,12b5a0a48a33681535aa8d6c201c4d8aa106acd45b12b3ea0a08f43aeb49d343
11g4n57,48,2023,wallstreetbets,post,TSLA,neutral,,a1cf611dd53037dcc1e5e1f3a8ecd752b668f479a32361601414d638f4470f1d
jmqr5u,49,2020,wallstreetbets,post,AAPL,venta,,115bc4228302dc3cf130587784c06af05933c7c4ad5b7e14acb6755a97c78a94
1q0xeo1,50,2026,wallstreetbets,post,TSLA,venta,,fe7402759762118563e4d875d598e7ff7c4811427c6032ffffff351fdb2f6b7d
10rhrw2,51,2023,wallstreetbets,post,PLTR,compra,,1712dc7f543b92823472b94b3a29613f4c78dd56ad1c82b72557f8f76bdcc390
1sjhjut,52,2026,stocks,post,MSFT,neutral,,45d4be71fcfd359e4ca409ad9168a05b70118e1d7a97fc2cba9c7a635c6fff69
1q145k2,53,2026,stocks,post,AMD,neutral,,7c4c86c58322875e22d90892ef457b1094725e09c14703781079f05eed178692
jo8tuz,54,2020,stocks,post,APHA,neutral,,1dfefeb819e46013ece1e134a43aae00d8f5e701a60e51f782d877b1d80084a4
1gkc0xn,55,2024,stocks,post,DJT,neutral,,82fcef35ad982c516fe424eeceaa4e0cf6354794e45096d3ec73d8152068681b
1in3m01,56,2025,stocks,post,TSLA,venta,,d4abef7fc93503cb2e5653f0b5d4ef1ddb85745684ff440f84437c58e5ab7b80
n70krq,57,2021,stocks,post,BYND,compra,,417c4fddabb177870149b57a2c0ce3aee654b703ab955b9b6109a32331f1670e
lushl2b,58,2024,wallstreetbets,comment,MSTR,venta,,30d6d909370807f9f58fa1262ef5320c3b2a2c31e4cfe2829a213e26b47706f2
twa3yy,59,2022,stocks,post,GOOG,compra,,ba879616755f49367f8752f009881c192e24f0421fb4da23c06557aee47039cc
ghouooi,60,2021,stocks,comment,AAPL,compra,,b3591df342b16c77d13b5ef5aa95062174c7ef6567e465117efecc5341566ece
